rank	slug	city	voice	radio_key	subtitle_fallback	system_voice_fallback	cooked_cue_strategy	ambient_zone	coverage_status
1	new_york_ny	New York	Victoria	campaign.001.new_york_ny.radio_briefing	always_on	macOS_say_when_enabled	optional_soft_ref_or_text_voice_fallback	0	complete_text_subtitle_with_platform_voice_fallback;city_radio_bark_cadence;runtime.radio_route_cadence;pending_subtitle_queue;route_phase_language_terminal_survivor_landmark_next_step;reactive_threat_audio_music;runtime.reactive_threat_music;reactive_audio_state_caption;nearby_zombie_pressure;city_ambient_zone_audio;runtime.city_ambient_zone;ambient_zone_state_caption;ZoneAmbientCues;visualized_sound_cues;mono_audio_accessibility
2	los_angeles_ca	Los Angeles	Samantha	campaign.002.los_angeles_ca.radio_briefing	always_on	macOS_say_when_enabled	optional_soft_ref_or_text_voice_fallback	1	complete_text_subtitle_with_platform_voice_fallback
3	chicago_il	Chicago	Alex	campaign.003.chicago_il.radio_briefing	always_on	macOS_say_when_enabled	optional_soft_ref_or_text_voice_fallback	2	complete_text_subtitle_with_platform_voice_fallback
4	houston_tx	Houston	Daniel	campaign.004.houston_tx.radio_briefing	always_on	macOS_say_when_enabled	optional_soft_ref_or_text_voice_fallback	0	complete_text_subtitle_with_platform_voice_fallback
5	phoenix_az	Phoenix	Samantha	campaign.005.phoenix_az.radio_briefing	always_on	macOS_say_when_enabled	optional_soft_ref_or_text_voice_fallback	1	complete_text_subtitle_with_platform_voice_fallback
6	philadelphia_pa	Philadelphia	Victoria	campaign.006.philadelphia_pa.radio_briefing	always_on	macOS_say_when_enabled	optional_soft_ref_or_text_voice_fallback	2	complete_text_subtitle_with_platform_voice_fallback
7	san_antonio_tx	San Antonio	Daniel	campaign.007.san_antonio_tx.radio_briefing	always_on	macOS_say_when_enabled	optional_soft_ref_or_text_voice_fallback	0	complete_text_subtitle_with_platform_voice_fallback
8	san_diego_ca	San Diego	Samantha	campaign.008.san_diego_ca.radio_briefing	always_on	macOS_say_when_enabled	optional_soft_ref_or_text_voice_fallback	1	complete_text_subtitle_with_platform_voice_fallback
9	dallas_tx	Dallas	Daniel	campaign.009.dallas_tx.radio_briefing	always_on	macOS_say_when_enabled	optional_soft_ref_or_text_voice_fallback	2	complete_text_subtitle_with_platform_voice_fallback
10	jacksonville_fl	Jacksonville	Daniel	campaign.010.jacksonville_fl.radio_briefing	always_on	macOS_say_when_enabled	optional_soft_ref_or_text_voice_fallback	0	complete_text_subtitle_with_platform_voice_fallback
11	fort_worth_tx	Fort Worth	Daniel	campaign.011.fort_worth_tx.radio_briefing	always_on	macOS_say_when_enabled	optional_soft_ref_or_text_voice_fallback	1	complete_text_subtitle_with_platform_voice_fallback
12	san_jose_ca	San Jose	Samantha	campaign.012.san_jose_ca.radio_briefing	always_on	macOS_say_when_enabled	optional_soft_ref_or_text_voice_fallback	2	complete_text_subtitle_with_platform_voice_fallback
13	austin_tx	Austin	Daniel	campaign.013.austin_tx.radio_briefing	always_on	macOS_say_when_enabled	optional_soft_ref_or_text_voice_fallback	0	complete_text_subtitle_with_platform_voice_fallback
14	charlotte_nc	Charlotte	Daniel	campaign.014.charlotte_nc.radio_briefing	always_on	macOS_say_when_enabled	optional_soft_ref_or_text_voice_fallback	1	complete_text_subtitle_with_platform_voice_fallback
15	columbus_oh	Columbus	Alex	campaign.015.columbus_oh.radio_briefing	always_on	macOS_say_when_enabled	optional_soft_ref_or_text_voice_fallback	2	complete_text_subtitle_with_platform_voice_fallback
16	indianapolis_in	Indianapolis	Alex	campaign.016.indianapolis_in.radio_briefing	always_on	macOS_say_when_enabled	optional_soft_ref_or_text_voice_fallback	0	complete_text_subtitle_with_platform_voice_fallback
17	san_francisco_ca	San Francisco	Samantha	campaign.017.san_francisco_ca.radio_briefing	always_on	macOS_say_when_enabled	optional_soft_ref_or_text_voice_fallback	1	complete_text_subtitle_with_platform_voice_fallback
18	seattle_wa	Seattle	Samantha	campaign.018.seattle_wa.radio_briefing	always_on	macOS_say_when_enabled	optional_soft_ref_or_text_voice_fallback	2	complete_text_subtitle_with_platform_voice_fallback
19	denver_co	Denver	Samantha	campaign.019.denver_co.radio_briefing	always_on	macOS_say_when_enabled	optional_soft_ref_or_text_voice_fallback	0	complete_text_subtitle_with_platform_voice_fallback
20	oklahoma_city_ok	Oklahoma City	Daniel	campaign.020.oklahoma_city_ok.radio_briefing	always_on	macOS_say_when_enabled	optional_soft_ref_or_text_voice_fallback	1	complete_text_subtitle_with_platform_voice_fallback
21	nashville_davidson_tn	Nashville-Davidson	Daniel	campaign.021.nashville_davidson_tn.radio_briefing	always_on	macOS_say_when_enabled	optional_soft_ref_or_text_voice_fallback	2	complete_text_subtitle_with_platform_voice_fallback
22	washington_dc	Washington	Daniel	campaign.022.washington_dc.radio_briefing	always_on	macOS_say_when_enabled	optional_soft_ref_or_text_voice_fallback	0	complete_text_subtitle_with_platform_voice_fallback
23	el_paso_tx	El Paso	Daniel	campaign.023.el_paso_tx.radio_briefing	always_on	macOS_say_when_enabled	optional_soft_ref_or_text_voice_fallback	1	complete_text_subtitle_with_platform_voice_fallback
24	las_vegas_nv	Las Vegas	Samantha	campaign.024.las_vegas_nv.radio_briefing	always_on	macOS_say_when_enabled	optional_soft_ref_or_text_voice_fallback	2	complete_text_subtitle_with_platform_voice_fallback
25	boston_ma	Boston	Victoria	campaign.025.boston_ma.radio_briefing	always_on	macOS_say_when_enabled	optional_soft_ref_or_text_voice_fallback	0	complete_text_subtitle_with_platform_voice_fallback
26	detroit_mi	Detroit	Alex	campaign.026.detroit_mi.radio_briefing	always_on	macOS_say_when_enabled	optional_soft_ref_or_text_voice_fallback	1	complete_text_subtitle_with_platform_voice_fallback
27	louisville_jefferson_county_ky	Louisville/Jefferson County	Daniel	campaign.027.louisville_jefferson_county_ky.radio_briefing	always_on	macOS_say_when_enabled	optional_soft_ref_or_text_voice_fallback	2	complete_text_subtitle_with_platform_voice_fallback
28	portland_or	Portland	Samantha	campaign.028.portland_or.radio_briefing	always_on	macOS_say_when_enabled	optional_soft_ref_or_text_voice_fallback	0	complete_text_subtitle_with_platform_voice_fallback
29	memphis_tn	Memphis	Daniel	campaign.029.memphis_tn.radio_briefing	always_on	macOS_say_when_enabled	optional_soft_ref_or_text_voice_fallback	1	complete_text_subtitle_with_platform_voice_fallback
30	baltimore_md	Baltimore	Daniel	campaign.030.baltimore_md.radio_briefing	always_on	macOS_say_when_enabled	optional_soft_ref_or_text_voice_fallback	2	complete_text_subtitle_with_platform_voice_fallback
31	milwaukee_wi	Milwaukee	Alex	campaign.031.milwaukee_wi.radio_briefing	always_on	macOS_say_when_enabled	optional_soft_ref_or_text_voice_fallback	0	complete_text_subtitle_with_platform_voice_fallback
32	albuquerque_nm	Albuquerque	Samantha	campaign.032.albuquerque_nm.radio_briefing	always_on	macOS_say_when_enabled	optional_soft_ref_or_text_voice_fallback	1	complete_text_subtitle_with_platform_voice_fallback
33	tucson_az	Tucson	Samantha	campaign.033.tucson_az.radio_briefing	always_on	macOS_say_when_enabled	optional_soft_ref_or_text_voice_fallback	2	complete_text_subtitle_with_platform_voice_fallback
34	fresno_ca	Fresno	Samantha	campaign.034.fresno_ca.radio_briefing	always_on	macOS_say_when_enabled	optional_soft_ref_or_text_voice_fallback	0	complete_text_subtitle_with_platform_voice_fallback
35	sacramento_ca	Sacramento	Samantha	campaign.035.sacramento_ca.radio_briefing	always_on	macOS_say_when_enabled	optional_soft_ref_or_text_voice_fallback	1	complete_text_subtitle_with_platform_voice_fallback
36	atlanta_ga	Atlanta	Daniel	campaign.036.atlanta_ga.radio_briefing	always_on	macOS_say_when_enabled	optional_soft_ref_or_text_voice_fallback	2	complete_text_subtitle_with_platform_voice_fallback
37	mesa_az	Mesa	Samantha	campaign.037.mesa_az.radio_briefing	always_on	macOS_say_when_enabled	optional_soft_ref_or_text_voice_fallback	0	complete_text_subtitle_with_platform_voice_fallback
38	kansas_city_mo	Kansas City	Alex	campaign.038.kansas_city_mo.radio_briefing	always_on	macOS_say_when_enabled	optional_soft_ref_or_text_voice_fallback	1	complete_text_subtitle_with_platform_voice_fallback
39	raleigh_nc	Raleigh	Daniel	campaign.039.raleigh_nc.radio_briefing	always_on	macOS_say_when_enabled	optional_soft_ref_or_text_voice_fallback	2	complete_text_subtitle_with_platform_voice_fallback
40	colorado_springs_co	Colorado Springs	Samantha	campaign.040.colorado_springs_co.radio_briefing	always_on	macOS_say_when_enabled	optional_soft_ref_or_text_voice_fallback	0	complete_text_subtitle_with_platform_voice_fallback
41	omaha_ne	Omaha	Alex	campaign.041.omaha_ne.radio_briefing	always_on	macOS_say_when_enabled	optional_soft_ref_or_text_voice_fallback	1	complete_text_subtitle_with_platform_voice_fallback
42	miami_fl	Miami	Daniel	campaign.042.miami_fl.radio_briefing	always_on	macOS_say_when_enabled	optional_soft_ref_or_text_voice_fallback	2	complete_text_subtitle_with_platform_voice_fallback
43	virginia_beach_va	Virginia Beach	Daniel	campaign.043.virginia_beach_va.radio_briefing	always_on	macOS_say_when_enabled	optional_soft_ref_or_text_voice_fallback	0	complete_text_subtitle_with_platform_voice_fallback
44	long_beach_ca	Long Beach	Samantha	campaign.044.long_beach_ca.radio_briefing	always_on	macOS_say_when_enabled	optional_soft_ref_or_text_voice_fallback	1	complete_text_subtitle_with_platform_voice_fallback
45	oakland_ca	Oakland	Samantha	campaign.045.oakland_ca.radio_briefing	always_on	macOS_say_when_enabled	optional_soft_ref_or_text_voice_fallback	2	complete_text_subtitle_with_platform_voice_fallback
46	minneapolis_mn	Minneapolis	Alex	campaign.046.minneapolis_mn.radio_briefing	always_on	macOS_say_when_enabled	optional_soft_ref_or_text_voice_fallback	0	complete_text_subtitle_with_platform_voice_fallback
47	bakersfield_ca	Bakersfield	Samantha	campaign.047.bakersfield_ca.radio_briefing	always_on	macOS_say_when_enabled	optional_soft_ref_or_text_voice_fallback	1	complete_text_subtitle_with_platform_voice_fallback
48	tulsa_ok	Tulsa	Daniel	campaign.048.tulsa_ok.radio_briefing	always_on	macOS_say_when_enabled	optional_soft_ref_or_text_voice_fallback	2	complete_text_subtitle_with_platform_voice_fallback
49	tampa_fl	Tampa	Daniel	campaign.049.tampa_fl.radio_briefing	always_on	macOS_say_when_enabled	optional_soft_ref_or_text_voice_fallback	0	complete_text_subtitle_with_platform_voice_fallback
50	arlington_tx	Arlington	Daniel	campaign.050.arlington_tx.radio_briefing	always_on	macOS_say_when_enabled	optional_soft_ref_or_text_voice_fallback	1	complete_text_subtitle_with_platform_voice_fallback
51	aurora_co	Aurora	Samantha	campaign.051.aurora_co.radio_briefing	always_on	macOS_say_when_enabled	optional_soft_ref_or_text_voice_fallback	2	complete_text_subtitle_with_platform_voice_fallback
52	wichita_ks	Wichita	Alex	campaign.052.wichita_ks.radio_briefing	always_on	macOS_say_when_enabled	optional_soft_ref_or_text_voice_fallback	0	complete_text_subtitle_with_platform_voice_fallback
53	cleveland_oh	Cleveland	Alex	campaign.053.cleveland_oh.radio_briefing	always_on	macOS_say_when_enabled	optional_soft_ref_or_text_voice_fallback	1	complete_text_subtitle_with_platform_voice_fallback
54	new_orleans_la	New Orleans	Daniel	campaign.054.new_orleans_la.radio_briefing	always_on	macOS_say_when_enabled	optional_soft_ref_or_text_voice_fallback	2	complete_text_subtitle_with_platform_voice_fallback
55	henderson_nv	Henderson	Samantha	campaign.055.henderson_nv.radio_briefing	always_on	macOS_say_when_enabled	optional_soft_ref_or_text_voice_fallback	0	complete_text_subtitle_with_platform_voice_fallback
56	urban_honolulu_hi	Urban Honolulu	Samantha	campaign.056.urban_honolulu_hi.radio_briefing	always_on	macOS_say_when_enabled	optional_soft_ref_or_text_voice_fallback	1	complete_text_subtitle_with_platform_voice_fallback
57	anaheim_ca	Anaheim	Samantha	campaign.057.anaheim_ca.radio_briefing	always_on	macOS_say_when_enabled	optional_soft_ref_or_text_voice_fallback	2	complete_text_subtitle_with_platform_voice_fallback
58	orlando_fl	Orlando	Daniel	campaign.058.orlando_fl.radio_briefing	always_on	macOS_say_when_enabled	optional_soft_ref_or_text_voice_fallback	0	complete_text_subtitle_with_platform_voice_fallback
59	lexington_fayette_ky	Lexington-Fayette	Daniel	campaign.059.lexington_fayette_ky.radio_briefing	always_on	macOS_say_when_enabled	optional_soft_ref_or_text_voice_fallback	1	complete_text_subtitle_with_platform_voice_fallback
60	stockton_ca	Stockton	Samantha	campaign.060.stockton_ca.radio_briefing	always_on	macOS_say_when_enabled	optional_soft_ref_or_text_voice_fallback	2	complete_text_subtitle_with_platform_voice_fallback
61	riverside_ca	Riverside	Samantha	campaign.061.riverside_ca.radio_briefing	always_on	macOS_say_when_enabled	optional_soft_ref_or_text_voice_fallback	0	complete_text_subtitle_with_platform_voice_fallback
62	irvine_ca	Irvine	Samantha	campaign.062.irvine_ca.radio_briefing	always_on	macOS_say_when_enabled	optional_soft_ref_or_text_voice_fallback	1	complete_text_subtitle_with_platform_voice_fallback
63	corpus_christi_tx	Corpus Christi	Daniel	campaign.063.corpus_christi_tx.radio_briefing	always_on	macOS_say_when_enabled	optional_soft_ref_or_text_voice_fallback	2	complete_text_subtitle_with_platform_voice_fallback
64	newark_nj	Newark	Victoria	campaign.064.newark_nj.radio_briefing	always_on	macOS_say_when_enabled	optional_soft_ref_or_text_voice_fallback	0	complete_text_subtitle_with_platform_voice_fallback
65	santa_ana_ca	Santa Ana	Samantha	campaign.065.santa_ana_ca.radio_briefing	always_on	macOS_say_when_enabled	optional_soft_ref_or_text_voice_fallback	1	complete_text_subtitle_with_platform_voice_fallback
66	cincinnati_oh	Cincinnati	Alex	campaign.066.cincinnati_oh.radio_briefing	always_on	macOS_say_when_enabled	optional_soft_ref_or_text_voice_fallback	2	complete_text_subtitle_with_platform_voice_fallback
67	pittsburgh_pa	Pittsburgh	Victoria	campaign.067.pittsburgh_pa.radio_briefing	always_on	macOS_say_when_enabled	optional_soft_ref_or_text_voice_fallback	0	complete_text_subtitle_with_platform_voice_fallback
68	st_paul_mn	St. Paul	Alex	campaign.068.st_paul_mn.radio_briefing	always_on	macOS_say_when_enabled	optional_soft_ref_or_text_voice_fallback	1	complete_text_subtitle_with_platform_voice_fallback
69	greensboro_nc	Greensboro	Daniel	campaign.069.greensboro_nc.radio_briefing	always_on	macOS_say_when_enabled	optional_soft_ref_or_text_voice_fallback	2	complete_text_subtitle_with_platform_voice_fallback
70	jersey_city_nj	Jersey City	Victoria	campaign.070.jersey_city_nj.radio_briefing	always_on	macOS_say_when_enabled	optional_soft_ref_or_text_voice_fallback	0	complete_text_subtitle_with_platform_voice_fallback
71	durham_nc	Durham	Daniel	campaign.071.durham_nc.radio_briefing	always_on	macOS_say_when_enabled	optional_soft_ref_or_text_voice_fallback	1	complete_text_subtitle_with_platform_voice_fallback
72	lincoln_ne	Lincoln	Alex	campaign.072.lincoln_ne.radio_briefing	always_on	macOS_say_when_enabled	optional_soft_ref_or_text_voice_fallback	2	complete_text_subtitle_with_platform_voice_fallback
73	north_las_vegas_nv	North Las Vegas	Samantha	campaign.073.north_las_vegas_nv.radio_briefing	always_on	macOS_say_when_enabled	optional_soft_ref_or_text_voice_fallback	0	complete_text_subtitle_with_platform_voice_fallback
74	plano_tx	Plano	Daniel	campaign.074.plano_tx.radio_briefing	always_on	macOS_say_when_enabled	optional_soft_ref_or_text_voice_fallback	1	complete_text_subtitle_with_platform_voice_fallback
75	anchorage_ak	Anchorage	Samantha	campaign.075.anchorage_ak.radio_briefing	always_on	macOS_say_when_enabled	optional_soft_ref_or_text_voice_fallback	2	complete_text_subtitle_with_platform_voice_fallback
76	gilbert_az	Gilbert	Samantha	campaign.076.gilbert_az.radio_briefing	always_on	macOS_say_when_enabled	optional_soft_ref_or_text_voice_fallback	0	complete_text_subtitle_with_platform_voice_fallback
77	madison_wi	Madison	Alex	campaign.077.madison_wi.radio_briefing	always_on	macOS_say_when_enabled	optional_soft_ref_or_text_voice_fallback	1	complete_text_subtitle_with_platform_voice_fallback
78	reno_nv	Reno	Samantha	campaign.078.reno_nv.radio_briefing	always_on	macOS_say_when_enabled	optional_soft_ref_or_text_voice_fallback	2	complete_text_subtitle_with_platform_voice_fallback
79	chandler_az	Chandler	Samantha	campaign.079.chandler_az.radio_briefing	always_on	macOS_say_when_enabled	optional_soft_ref_or_text_voice_fallback	0	complete_text_subtitle_with_platform_voice_fallback
80	st_louis_mo	St. Louis	Alex	campaign.080.st_louis_mo.radio_briefing	always_on	macOS_say_when_enabled	optional_soft_ref_or_text_voice_fallback	1	complete_text_subtitle_with_platform_voice_fallback
81	chula_vista_ca	Chula Vista	Samantha	campaign.081.chula_vista_ca.radio_briefing	always_on	macOS_say_when_enabled	optional_soft_ref_or_text_voice_fallback	2	complete_text_subtitle_with_platform_voice_fallback
82	buffalo_ny	Buffalo	Victoria	campaign.082.buffalo_ny.radio_briefing	always_on	macOS_say_when_enabled	optional_soft_ref_or_text_voice_fallback	0	complete_text_subtitle_with_platform_voice_fallback
83	fort_wayne_in	Fort Wayne	Alex	campaign.083.fort_wayne_in.radio_briefing	always_on	macOS_say_when_enabled	optional_soft_ref_or_text_voice_fallback	1	complete_text_subtitle_with_platform_voice_fallback
84	lubbock_tx	Lubbock	Daniel	campaign.084.lubbock_tx.radio_briefing	always_on	macOS_say_when_enabled	optional_soft_ref_or_text_voice_fallback	2	complete_text_subtitle_with_platform_voice_fallback
85	st_petersburg_fl	St. Petersburg	Daniel	campaign.085.st_petersburg_fl.radio_briefing	always_on	macOS_say_when_enabled	optional_soft_ref_or_text_voice_fallback	0	complete_text_subtitle_with_platform_voice_fallback
86	toledo_oh	Toledo	Alex	campaign.086.toledo_oh.radio_briefing	always_on	macOS_say_when_enabled	optional_soft_ref_or_text_voice_fallback	1	complete_text_subtitle_with_platform_voice_fallback
87	laredo_tx	Laredo	Daniel	campaign.087.laredo_tx.radio_briefing	always_on	macOS_say_when_enabled	optional_soft_ref_or_text_voice_fallback	2	complete_text_subtitle_with_platform_voice_fallback
88	port_st_lucie_fl	Port St. Lucie	Daniel	campaign.088.port_st_lucie_fl.radio_briefing	always_on	macOS_say_when_enabled	optional_soft_ref_or_text_voice_fallback	0	complete_text_subtitle_with_platform_voice_fallback
89	glendale_az	Glendale	Samantha	campaign.089.glendale_az.radio_briefing	always_on	macOS_say_when_enabled	optional_soft_ref_or_text_voice_fallback	1	complete_text_subtitle_with_platform_voice_fallback
90	irving_tx	Irving	Daniel	campaign.090.irving_tx.radio_briefing	always_on	macOS_say_when_enabled	optional_soft_ref_or_text_voice_fallback	2	complete_text_subtitle_with_platform_voice_fallback
91	winston_salem_nc	Winston-Salem	Daniel	campaign.091.winston_salem_nc.radio_briefing	always_on	macOS_say_when_enabled	optional_soft_ref_or_text_voice_fallback	0	complete_text_subtitle_with_platform_voice_fallback
92	chesapeake_va	Chesapeake	Daniel	campaign.092.chesapeake_va.radio_briefing	always_on	macOS_say_when_enabled	optional_soft_ref_or_text_voice_fallback	1	complete_text_subtitle_with_platform_voice_fallback
93	garland_tx	Garland	Daniel	campaign.093.garland_tx.radio_briefing	always_on	macOS_say_when_enabled	optional_soft_ref_or_text_voice_fallback	2	complete_text_subtitle_with_platform_voice_fallback
94	scottsdale_az	Scottsdale	Samantha	campaign.094.scottsdale_az.radio_briefing	always_on	macOS_say_when_enabled	optional_soft_ref_or_text_voice_fallback	0	complete_text_subtitle_with_platform_voice_fallback
95	boise_city_id	Boise City	Samantha	campaign.095.boise_city_id.radio_briefing	always_on	macOS_say_when_enabled	optional_soft_ref_or_text_voice_fallback	1	complete_text_subtitle_with_platform_voice_fallback
96	hialeah_fl	Hialeah	Daniel	campaign.096.hialeah_fl.radio_briefing	always_on	macOS_say_when_enabled	optional_soft_ref_or_text_voice_fallback	2	complete_text_subtitle_with_platform_voice_fallback
97	frisco_tx	Frisco	Daniel	campaign.097.frisco_tx.radio_briefing	always_on	macOS_say_when_enabled	optional_soft_ref_or_text_voice_fallback	0	complete_text_subtitle_with_platform_voice_fallback
98	richmond_va	Richmond	Daniel	campaign.098.richmond_va.radio_briefing	always_on	macOS_say_when_enabled	optional_soft_ref_or_text_voice_fallback	1	complete_text_subtitle_with_platform_voice_fallback
99	cape_coral_fl	Cape Coral	Daniel	campaign.099.cape_coral_fl.radio_briefing	always_on	macOS_say_when_enabled	optional_soft_ref_or_text_voice_fallback	2	complete_text_subtitle_with_platform_voice_fallback
100	norfolk_va	Norfolk	Daniel	campaign.100.norfolk_va.radio_briefing	always_on	macOS_say_when_enabled	optional_soft_ref_or_text_voice_fallback	0	complete_text_subtitle_with_platform_voice_fallback
101	spokane_wa	Spokane	Samantha	campaign.101.spokane_wa.radio_briefing	always_on	macOS_say_when_enabled	optional_soft_ref_or_text_voice_fallback	1	complete_text_subtitle_with_platform_voice_fallback
102	huntsville_al	Huntsville	Daniel	campaign.102.huntsville_al.radio_briefing	always_on	macOS_say_when_enabled	optional_soft_ref_or_text_voice_fallback	2	complete_text_subtitle_with_platform_voice_fallback
103	santa_clarita_ca	Santa Clarita	Samantha	campaign.103.santa_clarita_ca.radio_briefing	always_on	macOS_say_when_enabled	optional_soft_ref_or_text_voice_fallback	0	complete_text_subtitle_with_platform_voice_fallback
104	tacoma_wa	Tacoma	Samantha	campaign.104.tacoma_wa.radio_briefing	always_on	macOS_say_when_enabled	optional_soft_ref_or_text_voice_fallback	1	complete_text_subtitle_with_platform_voice_fallback
105	fremont_ca	Fremont	Samantha	campaign.105.fremont_ca.radio_briefing	always_on	macOS_say_when_enabled	optional_soft_ref_or_text_voice_fallback	2	complete_text_subtitle_with_platform_voice_fallback
106	mckinney_tx	McKinney	Daniel	campaign.106.mckinney_tx.radio_briefing	always_on	macOS_say_when_enabled	optional_soft_ref_or_text_voice_fallback	0	complete_text_subtitle_with_platform_voice_fallback
107	san_bernardino_ca	San Bernardino	Samantha	campaign.107.san_bernardino_ca.radio_briefing	always_on	macOS_say_when_enabled	optional_soft_ref_or_text_voice_fallback	1	complete_text_subtitle_with_platform_voice_fallback
108	baton_rouge_la	Baton Rouge	Daniel	campaign.108.baton_rouge_la.radio_briefing	always_on	macOS_say_when_enabled	optional_soft_ref_or_text_voice_fallback	2	complete_text_subtitle_with_platform_voice_fallback
109	modesto_ca	Modesto	Samantha	campaign.109.modesto_ca.radio_briefing	always_on	macOS_say_when_enabled	optional_soft_ref_or_text_voice_fallback	0	complete_text_subtitle_with_platform_voice_fallback
110	fontana_ca	Fontana	Samantha	campaign.110.fontana_ca.radio_briefing	always_on	macOS_say_when_enabled	optional_soft_ref_or_text_voice_fallback	1	complete_text_subtitle_with_platform_voice_fallback
111	salt_lake_city_ut	Salt Lake City	Samantha	campaign.111.salt_lake_city_ut.radio_briefing	always_on	macOS_say_when_enabled	optional_soft_ref_or_text_voice_fallback	2	complete_text_subtitle_with_platform_voice_fallback
112	moreno_valley_ca	Moreno Valley	Samantha	campaign.112.moreno_valley_ca.radio_briefing	always_on	macOS_say_when_enabled	optional_soft_ref_or_text_voice_fallback	0	complete_text_subtitle_with_platform_voice_fallback
113	des_moines_ia	Des Moines	Alex	campaign.113.des_moines_ia.radio_briefing	always_on	macOS_say_when_enabled	optional_soft_ref_or_text_voice_fallback	1	complete_text_subtitle_with_platform_voice_fallback
114	worcester_ma	Worcester	Victoria	campaign.114.worcester_ma.radio_briefing	always_on	macOS_say_when_enabled	optional_soft_ref_or_text_voice_fallback	2	complete_text_subtitle_with_platform_voice_fallback
115	yonkers_ny	Yonkers	Victoria	campaign.115.yonkers_ny.radio_briefing	always_on	macOS_say_when_enabled	optional_soft_ref_or_text_voice_fallback	0	complete_text_subtitle_with_platform_voice_fallback
116	fayetteville_nc	Fayetteville	Daniel	campaign.116.fayetteville_nc.radio_briefing	always_on	macOS_say_when_enabled	optional_soft_ref_or_text_voice_fallback	1	complete_text_subtitle_with_platform_voice_fallback
117	sioux_falls_sd	Sioux Falls	Alex	campaign.117.sioux_falls_sd.radio_briefing	always_on	macOS_say_when_enabled	optional_soft_ref_or_text_voice_fallback	2	complete_text_subtitle_with_platform_voice_fallback
118	grand_prairie_tx	Grand Prairie	Daniel	campaign.118.grand_prairie_tx.radio_briefing	always_on	macOS_say_when_enabled	optional_soft_ref_or_text_voice_fallback	0	complete_text_subtitle_with_platform_voice_fallback
119	rochester_ny	Rochester	Victoria	campaign.119.rochester_ny.radio_briefing	always_on	macOS_say_when_enabled	optional_soft_ref_or_text_voice_fallback	1	complete_text_subtitle_with_platform_voice_fallback
120	tallahassee_fl	Tallahassee	Daniel	campaign.120.tallahassee_fl.radio_briefing	always_on	macOS_say_when_enabled	optional_soft_ref_or_text_voice_fallback	2	complete_text_subtitle_with_platform_voice_fallback
121	little_rock_ar	Little Rock	Daniel	campaign.121.little_rock_ar.radio_briefing	always_on	macOS_say_when_enabled	optional_soft_ref_or_text_voice_fallback	0	complete_text_subtitle_with_platform_voice_fallback
122	amarillo_tx	Amarillo	Daniel	campaign.122.amarillo_tx.radio_briefing	always_on	macOS_say_when_enabled	optional_soft_ref_or_text_voice_fallback	1	complete_text_subtitle_with_platform_voice_fallback
123	overland_park_ks	Overland Park	Alex	campaign.123.overland_park_ks.radio_briefing	always_on	macOS_say_when_enabled	optional_soft_ref_or_text_voice_fallback	2	complete_text_subtitle_with_platform_voice_fallback
124	columbus_ga	Columbus	Daniel	campaign.124.columbus_ga.radio_briefing	always_on	macOS_say_when_enabled	optional_soft_ref_or_text_voice_fallback	0	complete_text_subtitle_with_platform_voice_fallback
125	augusta_richmond_county_ga	Augusta-Richmond County	Daniel	campaign.125.augusta_richmond_county_ga.radio_briefing	always_on	macOS_say_when_enabled	optional_soft_ref_or_text_voice_fallback	1	complete_text_subtitle_with_platform_voice_fallback
126	mobile_al	Mobile	Daniel	campaign.126.mobile_al.radio_briefing	always_on	macOS_say_when_enabled	optional_soft_ref_or_text_voice_fallback	2	complete_text_subtitle_with_platform_voice_fallback
127	oxnard_ca	Oxnard	Samantha	campaign.127.oxnard_ca.radio_briefing	always_on	macOS_say_when_enabled	optional_soft_ref_or_text_voice_fallback	0	complete_text_subtitle_with_platform_voice_fallback
128	grand_rapids_mi	Grand Rapids	Alex	campaign.128.grand_rapids_mi.radio_briefing	always_on	macOS_say_when_enabled	optional_soft_ref_or_text_voice_fallback	1	complete_text_subtitle_with_platform_voice_fallback
129	peoria_az	Peoria	Samantha	campaign.129.peoria_az.radio_briefing	always_on	macOS_say_when_enabled	optional_soft_ref_or_text_voice_fallback	2	complete_text_subtitle_with_platform_voice_fallback
130	vancouver_wa	Vancouver	Samantha	campaign.130.vancouver_wa.radio_briefing	always_on	macOS_say_when_enabled	optional_soft_ref_or_text_voice_fallback	0	complete_text_subtitle_with_platform_voice_fallback
131	knoxville_tn	Knoxville	Daniel	campaign.131.knoxville_tn.radio_briefing	always_on	macOS_say_when_enabled	optional_soft_ref_or_text_voice_fallback	1	complete_text_subtitle_with_platform_voice_fallback
132	birmingham_al	Birmingham	Daniel	campaign.132.birmingham_al.radio_briefing	always_on	macOS_say_when_enabled	optional_soft_ref_or_text_voice_fallback	2	complete_text_subtitle_with_platform_voice_fallback
133	montgomery_al	Montgomery	Daniel	campaign.133.montgomery_al.radio_briefing	always_on	macOS_say_when_enabled	optional_soft_ref_or_text_voice_fallback	0	complete_text_subtitle_with_platform_voice_fallback
134	providence_ri	Providence	Victoria	campaign.134.providence_ri.radio_briefing	always_on	macOS_say_when_enabled	optional_soft_ref_or_text_voice_fallback	1	complete_text_subtitle_with_platform_voice_fallback
135	huntington_beach_ca	Huntington Beach	Samantha	campaign.135.huntington_beach_ca.radio_briefing	always_on	macOS_say_when_enabled	optional_soft_ref_or_text_voice_fallback	2	complete_text_subtitle_with_platform_voice_fallback
136	brownsville_tx	Brownsville	Daniel	campaign.136.brownsville_tx.radio_briefing	always_on	macOS_say_when_enabled	optional_soft_ref_or_text_voice_fallback	0	complete_text_subtitle_with_platform_voice_fallback
137	chattanooga_tn	Chattanooga	Daniel	campaign.137.chattanooga_tn.radio_briefing	always_on	macOS_say_when_enabled	optional_soft_ref_or_text_voice_fallback	1	complete_text_subtitle_with_platform_voice_fallback
138	fort_lauderdale_fl	Fort Lauderdale	Daniel	campaign.138.fort_lauderdale_fl.radio_briefing	always_on	macOS_say_when_enabled	optional_soft_ref_or_text_voice_fallback	2	complete_text_subtitle_with_platform_voice_fallback
139	tempe_az	Tempe	Samantha	campaign.139.tempe_az.radio_briefing	always_on	macOS_say_when_enabled	optional_soft_ref_or_text_voice_fallback	0	complete_text_subtitle_with_platform_voice_fallback
140	akron_oh	Akron	Alex	campaign.140.akron_oh.radio_briefing	always_on	macOS_say_when_enabled	optional_soft_ref_or_text_voice_fallback	1	complete_text_subtitle_with_platform_voice_fallback
141	glendale_ca	Glendale	Samantha	campaign.141.glendale_ca.radio_briefing	always_on	macOS_say_when_enabled	optional_soft_ref_or_text_voice_fallback	2	complete_text_subtitle_with_platform_voice_fallback
142	clarksville_tn	Clarksville	Daniel	campaign.142.clarksville_tn.radio_briefing	always_on	macOS_say_when_enabled	optional_soft_ref_or_text_voice_fallback	0	complete_text_subtitle_with_platform_voice_fallback
143	ontario_ca	Ontario	Samantha	campaign.143.ontario_ca.radio_briefing	always_on	macOS_say_when_enabled	optional_soft_ref_or_text_voice_fallback	1	complete_text_subtitle_with_platform_voice_fallback
144	newport_news_va	Newport News	Daniel	campaign.144.newport_news_va.radio_briefing	always_on	macOS_say_when_enabled	optional_soft_ref_or_text_voice_fallback	2	complete_text_subtitle_with_platform_voice_fallback
145	elk_grove_ca	Elk Grove	Samantha	campaign.145.elk_grove_ca.radio_briefing	always_on	macOS_say_when_enabled	optional_soft_ref_or_text_voice_fallback	0	complete_text_subtitle_with_platform_voice_fallback
146	cary_nc	Cary	Daniel	campaign.146.cary_nc.radio_briefing	always_on	macOS_say_when_enabled	optional_soft_ref_or_text_voice_fallback	1	complete_text_subtitle_with_platform_voice_fallback
147	aurora_il	Aurora	Alex	campaign.147.aurora_il.radio_briefing	always_on	macOS_say_when_enabled	optional_soft_ref_or_text_voice_fallback	2	complete_text_subtitle_with_platform_voice_fallback
148	salem_or	Salem	Samantha	campaign.148.salem_or.radio_briefing	always_on	macOS_say_when_enabled	optional_soft_ref_or_text_voice_fallback	0	complete_text_subtitle_with_platform_voice_fallback
149	pembroke_pines_fl	Pembroke Pines	Daniel	campaign.149.pembroke_pines_fl.radio_briefing	always_on	macOS_say_when_enabled	optional_soft_ref_or_text_voice_fallback	1	complete_text_subtitle_with_platform_voice_fallback
150	eugene_or	Eugene	Samantha	campaign.150.eugene_or.radio_briefing	always_on	macOS_say_when_enabled	optional_soft_ref_or_text_voice_fallback	2	complete_text_subtitle_with_platform_voice_fallback
151	santa_rosa_ca	Santa Rosa	Samantha	campaign.151.santa_rosa_ca.radio_briefing	always_on	macOS_say_when_enabled	optional_soft_ref_or_text_voice_fallback	0	complete_text_subtitle_with_platform_voice_fallback
152	rancho_cucamonga_ca	Rancho Cucamonga	Samantha	campaign.152.rancho_cucamonga_ca.radio_briefing	always_on	macOS_say_when_enabled	optional_soft_ref_or_text_voice_fallback	1	complete_text_subtitle_with_platform_voice_fallback
153	shreveport_la	Shreveport	Daniel	campaign.153.shreveport_la.radio_briefing	always_on	macOS_say_when_enabled	optional_soft_ref_or_text_voice_fallback	2	complete_text_subtitle_with_platform_voice_fallback
154	garden_grove_ca	Garden Grove	Samantha	campaign.154.garden_grove_ca.radio_briefing	always_on	macOS_say_when_enabled	optional_soft_ref_or_text_voice_fallback	0	complete_text_subtitle_with_platform_voice_fallback
155	oceanside_ca	Oceanside	Samantha	campaign.155.oceanside_ca.radio_briefing	always_on	macOS_say_when_enabled	optional_soft_ref_or_text_voice_fallback	1	complete_text_subtitle_with_platform_voice_fallback
156	fort_collins_co	Fort Collins	Samantha	campaign.156.fort_collins_co.radio_briefing	always_on	macOS_say_when_enabled	optional_soft_ref_or_text_voice_fallback	2	complete_text_subtitle_with_platform_voice_fallback
157	springfield_mo	Springfield	Alex	campaign.157.springfield_mo.radio_briefing	always_on	macOS_say_when_enabled	optional_soft_ref_or_text_voice_fallback	0	complete_text_subtitle_with_platform_voice_fallback
158	murfreesboro_tn	Murfreesboro	Daniel	campaign.158.murfreesboro_tn.radio_briefing	always_on	macOS_say_when_enabled	optional_soft_ref_or_text_voice_fallback	1	complete_text_subtitle_with_platform_voice_fallback
159	surprise_az	Surprise	Samantha	campaign.159.surprise_az.radio_briefing	always_on	macOS_say_when_enabled	optional_soft_ref_or_text_voice_fallback	2	complete_text_subtitle_with_platform_voice_fallback
160	lancaster_ca	Lancaster	Samantha	campaign.160.lancaster_ca.radio_briefing	always_on	macOS_say_when_enabled	optional_soft_ref_or_text_voice_fallback	0	complete_text_subtitle_with_platform_voice_fallback
161	denton_tx	Denton	Daniel	campaign.161.denton_tx.radio_briefing	always_on	macOS_say_when_enabled	optional_soft_ref_or_text_voice_fallback	1	complete_text_subtitle_with_platform_voice_fallback
162	roseville_ca	Roseville	Samantha	campaign.162.roseville_ca.radio_briefing	always_on	macOS_say_when_enabled	optional_soft_ref_or_text_voice_fallback	2	complete_text_subtitle_with_platform_voice_fallback
163	palmdale_ca	Palmdale	Samantha	campaign.163.palmdale_ca.radio_briefing	always_on	macOS_say_when_enabled	optional_soft_ref_or_text_voice_fallback	0	complete_text_subtitle_with_platform_voice_fallback
164	corona_ca	Corona	Samantha	campaign.164.corona_ca.radio_briefing	always_on	macOS_say_when_enabled	optional_soft_ref_or_text_voice_fallback	1	complete_text_subtitle_with_platform_voice_fallback
165	salinas_ca	Salinas	Samantha	campaign.165.salinas_ca.radio_briefing	always_on	macOS_say_when_enabled	optional_soft_ref_or_text_voice_fallback	2	complete_text_subtitle_with_platform_voice_fallback
166	killeen_tx	Killeen	Daniel	campaign.166.killeen_tx.radio_briefing	always_on	macOS_say_when_enabled	optional_soft_ref_or_text_voice_fallback	0	complete_text_subtitle_with_platform_voice_fallback
167	paterson_nj	Paterson	Victoria	campaign.167.paterson_nj.radio_briefing	always_on	macOS_say_when_enabled	optional_soft_ref_or_text_voice_fallback	1	complete_text_subtitle_with_platform_voice_fallback
168	alexandria_va	Alexandria	Daniel	campaign.168.alexandria_va.radio_briefing	always_on	macOS_say_when_enabled	optional_soft_ref_or_text_voice_fallback	2	complete_text_subtitle_with_platform_voice_fallback
169	hollywood_fl	Hollywood	Daniel	campaign.169.hollywood_fl.radio_briefing	always_on	macOS_say_when_enabled	optional_soft_ref_or_text_voice_fallback	0	complete_text_subtitle_with_platform_voice_fallback
170	hayward_ca	Hayward	Samantha	campaign.170.hayward_ca.radio_briefing	always_on	macOS_say_when_enabled	optional_soft_ref_or_text_voice_fallback	1	complete_text_subtitle_with_platform_voice_fallback
171	charleston_sc	Charleston	Daniel	campaign.171.charleston_sc.radio_briefing	always_on	macOS_say_when_enabled	optional_soft_ref_or_text_voice_fallback	2	complete_text_subtitle_with_platform_voice_fallback
172	macon_bibb_county_ga	Macon-Bibb County	Daniel	campaign.172.macon_bibb_county_ga.radio_briefing	always_on	macOS_say_when_enabled	optional_soft_ref_or_text_voice_fallback	0	complete_text_subtitle_with_platform_voice_fallback
173	lakewood_co	Lakewood	Samantha	campaign.173.lakewood_co.radio_briefing	always_on	macOS_say_when_enabled	optional_soft_ref_or_text_voice_fallback	1	complete_text_subtitle_with_platform_voice_fallback
174	sunnyvale_ca	Sunnyvale	Samantha	campaign.174.sunnyvale_ca.radio_briefing	always_on	macOS_say_when_enabled	optional_soft_ref_or_text_voice_fallback	2	complete_text_subtitle_with_platform_voice_fallback
175	kansas_city_ks	Kansas City	Alex	campaign.175.kansas_city_ks.radio_briefing	always_on	macOS_say_when_enabled	optional_soft_ref_or_text_voice_fallback	0	complete_text_subtitle_with_platform_voice_fallback
176	springfield_ma	Springfield	Victoria	campaign.176.springfield_ma.radio_briefing	always_on	macOS_say_when_enabled	optional_soft_ref_or_text_voice_fallback	1	complete_text_subtitle_with_platform_voice_fallback
177	bellevue_wa	Bellevue	Samantha	campaign.177.bellevue_wa.radio_briefing	always_on	macOS_say_when_enabled	optional_soft_ref_or_text_voice_fallback	2	complete_text_subtitle_with_platform_voice_fallback
178	naperville_il	Naperville	Alex	campaign.178.naperville_il.radio_briefing	always_on	macOS_say_when_enabled	optional_soft_ref_or_text_voice_fallback	0	complete_text_subtitle_with_platform_voice_fallback
179	joliet_il	Joliet	Alex	campaign.179.joliet_il.radio_briefing	always_on	macOS_say_when_enabled	optional_soft_ref_or_text_voice_fallback	1	complete_text_subtitle_with_platform_voice_fallback
180	bridgeport_ct	Bridgeport	Victoria	campaign.180.bridgeport_ct.radio_briefing	always_on	macOS_say_when_enabled	optional_soft_ref_or_text_voice_fallback	2	complete_text_subtitle_with_platform_voice_fallback
181	mesquite_tx	Mesquite	Daniel	campaign.181.mesquite_tx.radio_briefing	always_on	macOS_say_when_enabled	optional_soft_ref_or_text_voice_fallback	0	complete_text_subtitle_with_platform_voice_fallback
182	pasadena_tx	Pasadena	Daniel	campaign.182.pasadena_tx.radio_briefing	always_on	macOS_say_when_enabled	optional_soft_ref_or_text_voice_fallback	1	complete_text_subtitle_with_platform_voice_fallback
183	olathe_ks	Olathe	Alex	campaign.183.olathe_ks.radio_briefing	always_on	macOS_say_when_enabled	optional_soft_ref_or_text_voice_fallback	2	complete_text_subtitle_with_platform_voice_fallback
184	escondido_ca	Escondido	Samantha	campaign.184.escondido_ca.radio_briefing	always_on	macOS_say_when_enabled	optional_soft_ref_or_text_voice_fallback	0	complete_text_subtitle_with_platform_voice_fallback
185	savannah_ga	Savannah	Daniel	campaign.185.savannah_ga.radio_briefing	always_on	macOS_say_when_enabled	optional_soft_ref_or_text_voice_fallback	1	complete_text_subtitle_with_platform_voice_fallback
186	mcallen_tx	McAllen	Daniel	campaign.186.mcallen_tx.radio_briefing	always_on	macOS_say_when_enabled	optional_soft_ref_or_text_voice_fallback	2	complete_text_subtitle_with_platform_voice_fallback
187	gainesville_fl	Gainesville	Daniel	campaign.187.gainesville_fl.radio_briefing	always_on	macOS_say_when_enabled	optional_soft_ref_or_text_voice_fallback	0	complete_text_subtitle_with_platform_voice_fallback
188	pomona_ca	Pomona	Samantha	campaign.188.pomona_ca.radio_briefing	always_on	macOS_say_when_enabled	optional_soft_ref_or_text_voice_fallback	1	complete_text_subtitle_with_platform_voice_fallback
189	rockford_il	Rockford	Alex	campaign.189.rockford_il.radio_briefing	always_on	macOS_say_when_enabled	optional_soft_ref_or_text_voice_fallback	2	complete_text_subtitle_with_platform_voice_fallback
190	thornton_co	Thornton	Samantha	campaign.190.thornton_co.radio_briefing	always_on	macOS_say_when_enabled	optional_soft_ref_or_text_voice_fallback	0	complete_text_subtitle_with_platform_voice_fallback
191	waco_tx	Waco	Daniel	campaign.191.waco_tx.radio_briefing	always_on	macOS_say_when_enabled	optional_soft_ref_or_text_voice_fallback	1	complete_text_subtitle_with_platform_voice_fallback
192	visalia_ca	Visalia	Samantha	campaign.192.visalia_ca.radio_briefing	always_on	macOS_say_when_enabled	optional_soft_ref_or_text_voice_fallback	2	complete_text_subtitle_with_platform_voice_fallback
193	syracuse_ny	Syracuse	Victoria	campaign.193.syracuse_ny.radio_briefing	always_on	macOS_say_when_enabled	optional_soft_ref_or_text_voice_fallback	0	complete_text_subtitle_with_platform_voice_fallback
194	columbia_sc	Columbia	Daniel	campaign.194.columbia_sc.radio_briefing	always_on	macOS_say_when_enabled	optional_soft_ref_or_text_voice_fallback	1	complete_text_subtitle_with_platform_voice_fallback
195	midland_tx	Midland	Daniel	campaign.195.midland_tx.radio_briefing	always_on	macOS_say_when_enabled	optional_soft_ref_or_text_voice_fallback	2	complete_text_subtitle_with_platform_voice_fallback
196	miramar_fl	Miramar	Daniel	campaign.196.miramar_fl.radio_briefing	always_on	macOS_say_when_enabled	optional_soft_ref_or_text_voice_fallback	0	complete_text_subtitle_with_platform_voice_fallback
197	palm_bay_fl	Palm Bay	Daniel	campaign.197.palm_bay_fl.radio_briefing	always_on	macOS_say_when_enabled	optional_soft_ref_or_text_voice_fallback	1	complete_text_subtitle_with_platform_voice_fallback
198	jackson_ms	Jackson	Daniel	campaign.198.jackson_ms.radio_briefing	always_on	macOS_say_when_enabled	optional_soft_ref_or_text_voice_fallback	2	complete_text_subtitle_with_platform_voice_fallback
199	coral_springs_fl	Coral Springs	Daniel	campaign.199.coral_springs_fl.radio_briefing	always_on	macOS_say_when_enabled	optional_soft_ref_or_text_voice_fallback	0	complete_text_subtitle_with_platform_voice_fallback
200	victorville_ca	Victorville	Samantha	campaign.200.victorville_ca.radio_briefing	always_on	macOS_say_when_enabled	optional_soft_ref_or_text_voice_fallback	1	complete_text_subtitle_with_platform_voice_fallback
201	elizabeth_nj	Elizabeth	Victoria	campaign.201.elizabeth_nj.radio_briefing	always_on	macOS_say_when_enabled	optional_soft_ref_or_text_voice_fallback	2	complete_text_subtitle_with_platform_voice_fallback
202	fullerton_ca	Fullerton	Samantha	campaign.202.fullerton_ca.radio_briefing	always_on	macOS_say_when_enabled	optional_soft_ref_or_text_voice_fallback	0	complete_text_subtitle_with_platform_voice_fallback
203	meridian_id	Meridian	Samantha	campaign.203.meridian_id.radio_briefing	always_on	macOS_say_when_enabled	optional_soft_ref_or_text_voice_fallback	1	complete_text_subtitle_with_platform_voice_fallback
204	torrance_ca	Torrance	Samantha	campaign.204.torrance_ca.radio_briefing	always_on	macOS_say_when_enabled	optional_soft_ref_or_text_voice_fallback	2	complete_text_subtitle_with_platform_voice_fallback
205	stamford_ct	Stamford	Victoria	campaign.205.stamford_ct.radio_briefing	always_on	macOS_say_when_enabled	optional_soft_ref_or_text_voice_fallback	0	complete_text_subtitle_with_platform_voice_fallback
206	west_valley_city_ut	West Valley City	Samantha	campaign.206.west_valley_city_ut.radio_briefing	always_on	macOS_say_when_enabled	optional_soft_ref_or_text_voice_fallback	1	complete_text_subtitle_with_platform_voice_fallback
207	orange_ca	Orange	Samantha	campaign.207.orange_ca.radio_briefing	always_on	macOS_say_when_enabled	optional_soft_ref_or_text_voice_fallback	2	complete_text_subtitle_with_platform_voice_fallback
208	cedar_rapids_ia	Cedar Rapids	Alex	campaign.208.cedar_rapids_ia.radio_briefing	always_on	macOS_say_when_enabled	optional_soft_ref_or_text_voice_fallback	0	complete_text_subtitle_with_platform_voice_fallback
209	warren_mi	Warren	Alex	campaign.209.warren_mi.radio_briefing	always_on	macOS_say_when_enabled	optional_soft_ref_or_text_voice_fallback	1	complete_text_subtitle_with_platform_voice_fallback
210	hampton_va	Hampton	Daniel	campaign.210.hampton_va.radio_briefing	always_on	macOS_say_when_enabled	optional_soft_ref_or_text_voice_fallback	2	complete_text_subtitle_with_platform_voice_fallback
211	new_haven_ct	New Haven	Victoria	campaign.211.new_haven_ct.radio_briefing	always_on	macOS_say_when_enabled	optional_soft_ref_or_text_voice_fallback	0	complete_text_subtitle_with_platform_voice_fallback
212	pasadena_ca	Pasadena	Samantha	campaign.212.pasadena_ca.radio_briefing	always_on	macOS_say_when_enabled	optional_soft_ref_or_text_voice_fallback	1	complete_text_subtitle_with_platform_voice_fallback
213	kent_wa	Kent	Samantha	campaign.213.kent_wa.radio_briefing	always_on	macOS_say_when_enabled	optional_soft_ref_or_text_voice_fallback	2	complete_text_subtitle_with_platform_voice_fallback
214	dayton_oh	Dayton	Alex	campaign.214.dayton_oh.radio_briefing	always_on	macOS_say_when_enabled	optional_soft_ref_or_text_voice_fallback	0	complete_text_subtitle_with_platform_voice_fallback
215	fargo_nd	Fargo	Alex	campaign.215.fargo_nd.radio_briefing	always_on	macOS_say_when_enabled	optional_soft_ref_or_text_voice_fallback	1	complete_text_subtitle_with_platform_voice_fallback
216	lewisville_tx	Lewisville	Daniel	campaign.216.lewisville_tx.radio_briefing	always_on	macOS_say_when_enabled	optional_soft_ref_or_text_voice_fallback	2	complete_text_subtitle_with_platform_voice_fallback
217	carrollton_tx	Carrollton	Daniel	campaign.217.carrollton_tx.radio_briefing	always_on	macOS_say_when_enabled	optional_soft_ref_or_text_voice_fallback	0	complete_text_subtitle_with_platform_voice_fallback
218	round_rock_tx	Round Rock	Daniel	campaign.218.round_rock_tx.radio_briefing	always_on	macOS_say_when_enabled	optional_soft_ref_or_text_voice_fallback	1	complete_text_subtitle_with_platform_voice_fallback
219	sterling_heights_mi	Sterling Heights	Alex	campaign.219.sterling_heights_mi.radio_briefing	always_on	macOS_say_when_enabled	optional_soft_ref_or_text_voice_fallback	2	complete_text_subtitle_with_platform_voice_fallback
220	santa_clara_ca	Santa Clara	Samantha	campaign.220.santa_clara_ca.radio_briefing	always_on	macOS_say_when_enabled	optional_soft_ref_or_text_voice_fallback	0	complete_text_subtitle_with_platform_voice_fallback
221	norman_ok	Norman	Daniel	campaign.221.norman_ok.radio_briefing	always_on	macOS_say_when_enabled	optional_soft_ref_or_text_voice_fallback	1	complete_text_subtitle_with_platform_voice_fallback
222	columbia_mo	Columbia	Alex	campaign.222.columbia_mo.radio_briefing	always_on	macOS_say_when_enabled	optional_soft_ref_or_text_voice_fallback	2	complete_text_subtitle_with_platform_voice_fallback
223	abilene_tx	Abilene	Daniel	campaign.223.abilene_tx.radio_briefing	always_on	macOS_say_when_enabled	optional_soft_ref_or_text_voice_fallback	0	complete_text_subtitle_with_platform_voice_fallback
224	pearland_tx	Pearland	Daniel	campaign.224.pearland_tx.radio_briefing	always_on	macOS_say_when_enabled	optional_soft_ref_or_text_voice_fallback	1	complete_text_subtitle_with_platform_voice_fallback
225	athens_clarke_county_ga	Athens-Clarke County	Daniel	campaign.225.athens_clarke_county_ga.radio_briefing	always_on	macOS_say_when_enabled	optional_soft_ref_or_text_voice_fallback	2	complete_text_subtitle_with_platform_voice_fallback
226	college_station_tx	College Station	Daniel	campaign.226.college_station_tx.radio_briefing	always_on	macOS_say_when_enabled	optional_soft_ref_or_text_voice_fallback	0	complete_text_subtitle_with_platform_voice_fallback
227	clovis_ca	Clovis	Samantha	campaign.227.clovis_ca.radio_briefing	always_on	macOS_say_when_enabled	optional_soft_ref_or_text_voice_fallback	1	complete_text_subtitle_with_platform_voice_fallback
228	west_palm_beach_fl	West Palm Beach	Daniel	campaign.228.west_palm_beach_fl.radio_briefing	always_on	macOS_say_when_enabled	optional_soft_ref_or_text_voice_fallback	2	complete_text_subtitle_with_platform_voice_fallback
229	allentown_pa	Allentown	Victoria	campaign.229.allentown_pa.radio_briefing	always_on	macOS_say_when_enabled	optional_soft_ref_or_text_voice_fallback	0	complete_text_subtitle_with_platform_voice_fallback
230	north_charleston_sc	North Charleston	Daniel	campaign.230.north_charleston_sc.radio_briefing	always_on	macOS_say_when_enabled	optional_soft_ref_or_text_voice_fallback	1	complete_text_subtitle_with_platform_voice_fallback
231	simi_valley_ca	Simi Valley	Samantha	campaign.231.simi_valley_ca.radio_briefing	always_on	macOS_say_when_enabled	optional_soft_ref_or_text_voice_fallback	2	complete_text_subtitle_with_platform_voice_fallback
232	topeka_ks	Topeka	Alex	campaign.232.topeka_ks.radio_briefing	always_on	macOS_say_when_enabled	optional_soft_ref_or_text_voice_fallback	0	complete_text_subtitle_with_platform_voice_fallback
233	wilmington_nc	Wilmington	Daniel	campaign.233.wilmington_nc.radio_briefing	always_on	macOS_say_when_enabled	optional_soft_ref_or_text_voice_fallback	1	complete_text_subtitle_with_platform_voice_fallback
234	lakeland_fl	Lakeland	Daniel	campaign.234.lakeland_fl.radio_briefing	always_on	macOS_say_when_enabled	optional_soft_ref_or_text_voice_fallback	2	complete_text_subtitle_with_platform_voice_fallback
235	thousand_oaks_ca	Thousand Oaks	Samantha	campaign.235.thousand_oaks_ca.radio_briefing	always_on	macOS_say_when_enabled	optional_soft_ref_or_text_voice_fallback	0	complete_text_subtitle_with_platform_voice_fallback
236	concord_ca	Concord	Samantha	campaign.236.concord_ca.radio_briefing	always_on	macOS_say_when_enabled	optional_soft_ref_or_text_voice_fallback	1	complete_text_subtitle_with_platform_voice_fallback
237	rochester_mn	Rochester	Alex	campaign.237.rochester_mn.radio_briefing	always_on	macOS_say_when_enabled	optional_soft_ref_or_text_voice_fallback	2	complete_text_subtitle_with_platform_voice_fallback
238	vallejo_ca	Vallejo	Samantha	campaign.238.vallejo_ca.radio_briefing	always_on	macOS_say_when_enabled	optional_soft_ref_or_text_voice_fallback	0	complete_text_subtitle_with_platform_voice_fallback
239	ann_arbor_mi	Ann Arbor	Alex	campaign.239.ann_arbor_mi.radio_briefing	always_on	macOS_say_when_enabled	optional_soft_ref_or_text_voice_fallback	1	complete_text_subtitle_with_platform_voice_fallback
240	broken_arrow_ok	Broken Arrow	Daniel	campaign.240.broken_arrow_ok.radio_briefing	always_on	macOS_say_when_enabled	optional_soft_ref_or_text_voice_fallback	2	complete_text_subtitle_with_platform_voice_fallback
241	fairfield_ca	Fairfield	Samantha	campaign.241.fairfield_ca.radio_briefing	always_on	macOS_say_when_enabled	optional_soft_ref_or_text_voice_fallback	0	complete_text_subtitle_with_platform_voice_fallback
242	lafayette_la	Lafayette	Daniel	campaign.242.lafayette_la.radio_briefing	always_on	macOS_say_when_enabled	optional_soft_ref_or_text_voice_fallback	1	complete_text_subtitle_with_platform_voice_fallback
243	hartford_ct	Hartford	Victoria	campaign.243.hartford_ct.radio_briefing	always_on	macOS_say_when_enabled	optional_soft_ref_or_text_voice_fallback	2	complete_text_subtitle_with_platform_voice_fallback
244	arvada_co	Arvada	Samantha	campaign.244.arvada_co.radio_briefing	always_on	macOS_say_when_enabled	optional_soft_ref_or_text_voice_fallback	0	complete_text_subtitle_with_platform_voice_fallback
245	berkeley_ca	Berkeley	Samantha	campaign.245.berkeley_ca.radio_briefing	always_on	macOS_say_when_enabled	optional_soft_ref_or_text_voice_fallback	1	complete_text_subtitle_with_platform_voice_fallback
246	independence_mo	Independence	Alex	campaign.246.independence_mo.radio_briefing	always_on	macOS_say_when_enabled	optional_soft_ref_or_text_voice_fallback	2	complete_text_subtitle_with_platform_voice_fallback
247	billings_mt	Billings	Samantha	campaign.247.billings_mt.radio_briefing	always_on	macOS_say_when_enabled	optional_soft_ref_or_text_voice_fallback	0	complete_text_subtitle_with_platform_voice_fallback
248	cambridge_ma	Cambridge	Victoria	campaign.248.cambridge_ma.radio_briefing	always_on	macOS_say_when_enabled	optional_soft_ref_or_text_voice_fallback	1	complete_text_subtitle_with_platform_voice_fallback
249	lowell_ma	Lowell	Victoria	campaign.249.lowell_ma.radio_briefing	always_on	macOS_say_when_enabled	optional_soft_ref_or_text_voice_fallback	2	complete_text_subtitle_with_platform_voice_fallback
250	odessa_tx	Odessa	Daniel	campaign.250.odessa_tx.radio_briefing	always_on	macOS_say_when_enabled	optional_soft_ref_or_text_voice_fallback	0	complete_text_subtitle_with_platform_voice_fallback
251	high_point_nc	High Point	Daniel	campaign.251.high_point_nc.radio_briefing	always_on	macOS_say_when_enabled	optional_soft_ref_or_text_voice_fallback	1	complete_text_subtitle_with_platform_voice_fallback
252	league_city_tx	League City	Daniel	campaign.252.league_city_tx.radio_briefing	always_on	macOS_say_when_enabled	optional_soft_ref_or_text_voice_fallback	2	complete_text_subtitle_with_platform_voice_fallback
253	antioch_ca	Antioch	Samantha	campaign.253.antioch_ca.radio_briefing	always_on	macOS_say_when_enabled	optional_soft_ref_or_text_voice_fallback	0	complete_text_subtitle_with_platform_voice_fallback
254	richardson_tx	Richardson	Daniel	campaign.254.richardson_tx.radio_briefing	always_on	macOS_say_when_enabled	optional_soft_ref_or_text_voice_fallback	1	complete_text_subtitle_with_platform_voice_fallback
255	goodyear_az	Goodyear	Samantha	campaign.255.goodyear_az.radio_briefing	always_on	macOS_say_when_enabled	optional_soft_ref_or_text_voice_fallback	2	complete_text_subtitle_with_platform_voice_fallback
256	pompano_beach_fl	Pompano Beach	Daniel	campaign.256.pompano_beach_fl.radio_briefing	always_on	macOS_say_when_enabled	optional_soft_ref_or_text_voice_fallback	0	complete_text_subtitle_with_platform_voice_fallback
257	nampa_id	Nampa	Samantha	campaign.257.nampa_id.radio_briefing	always_on	macOS_say_when_enabled	optional_soft_ref_or_text_voice_fallback	1	complete_text_subtitle_with_platform_voice_fallback
258	menifee_ca	Menifee	Samantha	campaign.258.menifee_ca.radio_briefing	always_on	macOS_say_when_enabled	optional_soft_ref_or_text_voice_fallback	2	complete_text_subtitle_with_platform_voice_fallback
259	las_cruces_nm	Las Cruces	Samantha	campaign.259.las_cruces_nm.radio_briefing	always_on	macOS_say_when_enabled	optional_soft_ref_or_text_voice_fallback	0	complete_text_subtitle_with_platform_voice_fallback
260	clearwater_fl	Clearwater	Daniel	campaign.260.clearwater_fl.radio_briefing	always_on	macOS_say_when_enabled	optional_soft_ref_or_text_voice_fallback	1	complete_text_subtitle_with_platform_voice_fallback
261	west_jordan_ut	West Jordan	Samantha	campaign.261.west_jordan_ut.radio_briefing	always_on	macOS_say_when_enabled	optional_soft_ref_or_text_voice_fallback	2	complete_text_subtitle_with_platform_voice_fallback
262	new_braunfels_tx	New Braunfels	Daniel	campaign.262.new_braunfels_tx.radio_briefing	always_on	macOS_say_when_enabled	optional_soft_ref_or_text_voice_fallback	0	complete_text_subtitle_with_platform_voice_fallback
263	manchester_nh	Manchester	Victoria	campaign.263.manchester_nh.radio_briefing	always_on	macOS_say_when_enabled	optional_soft_ref_or_text_voice_fallback	1	complete_text_subtitle_with_platform_voice_fallback
264	miami_gardens_fl	Miami Gardens	Daniel	campaign.264.miami_gardens_fl.radio_briefing	always_on	macOS_say_when_enabled	optional_soft_ref_or_text_voice_fallback	2	complete_text_subtitle_with_platform_voice_fallback
265	waterbury_ct	Waterbury	Victoria	campaign.265.waterbury_ct.radio_briefing	always_on	macOS_say_when_enabled	optional_soft_ref_or_text_voice_fallback	0	complete_text_subtitle_with_platform_voice_fallback
266	provo_ut	Provo	Samantha	campaign.266.provo_ut.radio_briefing	always_on	macOS_say_when_enabled	optional_soft_ref_or_text_voice_fallback	1	complete_text_subtitle_with_platform_voice_fallback
267	evansville_in	Evansville	Alex	campaign.267.evansville_in.radio_briefing	always_on	macOS_say_when_enabled	optional_soft_ref_or_text_voice_fallback	2	complete_text_subtitle_with_platform_voice_fallback
268	richmond_ca	Richmond	Samantha	campaign.268.richmond_ca.radio_briefing	always_on	macOS_say_when_enabled	optional_soft_ref_or_text_voice_fallback	0	complete_text_subtitle_with_platform_voice_fallback
269	westminster_co	Westminster	Samantha	campaign.269.westminster_co.radio_briefing	always_on	macOS_say_when_enabled	optional_soft_ref_or_text_voice_fallback	1	complete_text_subtitle_with_platform_voice_fallback
270	elgin_il	Elgin	Alex	campaign.270.elgin_il.radio_briefing	always_on	macOS_say_when_enabled	optional_soft_ref_or_text_voice_fallback	2	complete_text_subtitle_with_platform_voice_fallback
271	conroe_tx	Conroe	Daniel	campaign.271.conroe_tx.radio_briefing	always_on	macOS_say_when_enabled	optional_soft_ref_or_text_voice_fallback	0	complete_text_subtitle_with_platform_voice_fallback
272	greeley_co	Greeley	Samantha	campaign.272.greeley_co.radio_briefing	always_on	macOS_say_when_enabled	optional_soft_ref_or_text_voice_fallback	1	complete_text_subtitle_with_platform_voice_fallback
273	lansing_mi	Lansing	Alex	campaign.273.lansing_mi.radio_briefing	always_on	macOS_say_when_enabled	optional_soft_ref_or_text_voice_fallback	2	complete_text_subtitle_with_platform_voice_fallback
274	buckeye_az	Buckeye	Samantha	campaign.274.buckeye_az.radio_briefing	always_on	macOS_say_when_enabled	optional_soft_ref_or_text_voice_fallback	0	complete_text_subtitle_with_platform_voice_fallback
275	tuscaloosa_al	Tuscaloosa	Daniel	campaign.275.tuscaloosa_al.radio_briefing	always_on	macOS_say_when_enabled	optional_soft_ref_or_text_voice_fallback	1	complete_text_subtitle_with_platform_voice_fallback
276	allen_tx	Allen	Daniel	campaign.276.allen_tx.radio_briefing	always_on	macOS_say_when_enabled	optional_soft_ref_or_text_voice_fallback	2	complete_text_subtitle_with_platform_voice_fallback
277	carlsbad_ca	Carlsbad	Samantha	campaign.277.carlsbad_ca.radio_briefing	always_on	macOS_say_when_enabled	optional_soft_ref_or_text_voice_fallback	0	complete_text_subtitle_with_platform_voice_fallback
278	everett_wa	Everett	Samantha	campaign.278.everett_wa.radio_briefing	always_on	macOS_say_when_enabled	optional_soft_ref_or_text_voice_fallback	1	complete_text_subtitle_with_platform_voice_fallback
279	springfield_il	Springfield	Alex	campaign.279.springfield_il.radio_briefing	always_on	macOS_say_when_enabled	optional_soft_ref_or_text_voice_fallback	2	complete_text_subtitle_with_platform_voice_fallback
280	beaumont_tx	Beaumont	Daniel	campaign.280.beaumont_tx.radio_briefing	always_on	macOS_say_when_enabled	optional_soft_ref_or_text_voice_fallback	0	complete_text_subtitle_with_platform_voice_fallback
281	murrieta_ca	Murrieta	Samantha	campaign.281.murrieta_ca.radio_briefing	always_on	macOS_say_when_enabled	optional_soft_ref_or_text_voice_fallback	1	complete_text_subtitle_with_platform_voice_fallback
282	rio_rancho_nm	Rio Rancho	Samantha	campaign.282.rio_rancho_nm.radio_briefing	always_on	macOS_say_when_enabled	optional_soft_ref_or_text_voice_fallback	2	complete_text_subtitle_with_platform_voice_fallback
283	temecula_ca	Temecula	Samantha	campaign.283.temecula_ca.radio_briefing	always_on	macOS_say_when_enabled	optional_soft_ref_or_text_voice_fallback	0	complete_text_subtitle_with_platform_voice_fallback
284	concord_nc	Concord	Daniel	campaign.284.concord_nc.radio_briefing	always_on	macOS_say_when_enabled	optional_soft_ref_or_text_voice_fallback	1	complete_text_subtitle_with_platform_voice_fallback
285	tyler_tx	Tyler	Daniel	campaign.285.tyler_tx.radio_briefing	always_on	macOS_say_when_enabled	optional_soft_ref_or_text_voice_fallback	2	complete_text_subtitle_with_platform_voice_fallback
286	davie_fl	Davie	Daniel	campaign.286.davie_fl.radio_briefing	always_on	macOS_say_when_enabled	optional_soft_ref_or_text_voice_fallback	0	complete_text_subtitle_with_platform_voice_fallback
287	south_fulton_ga	South Fulton	Daniel	campaign.287.south_fulton_ga.radio_briefing	always_on	macOS_say_when_enabled	optional_soft_ref_or_text_voice_fallback	1	complete_text_subtitle_with_platform_voice_fallback
288	peoria_il	Peoria	Alex	campaign.288.peoria_il.radio_briefing	always_on	macOS_say_when_enabled	optional_soft_ref_or_text_voice_fallback	2	complete_text_subtitle_with_platform_voice_fallback
289	sparks_nv	Sparks	Samantha	campaign.289.sparks_nv.radio_briefing	always_on	macOS_say_when_enabled	optional_soft_ref_or_text_voice_fallback	0	complete_text_subtitle_with_platform_voice_fallback
290	gresham_or	Gresham	Samantha	campaign.290.gresham_or.radio_briefing	always_on	macOS_say_when_enabled	optional_soft_ref_or_text_voice_fallback	1	complete_text_subtitle_with_platform_voice_fallback
291	santa_maria_ca	Santa Maria	Samantha	campaign.291.santa_maria_ca.radio_briefing	always_on	macOS_say_when_enabled	optional_soft_ref_or_text_voice_fallback	2	complete_text_subtitle_with_platform_voice_fallback
292	pueblo_co	Pueblo	Samantha	campaign.292.pueblo_co.radio_briefing	always_on	macOS_say_when_enabled	optional_soft_ref_or_text_voice_fallback	0	complete_text_subtitle_with_platform_voice_fallback
293	hillsboro_or	Hillsboro	Samantha	campaign.293.hillsboro_or.radio_briefing	always_on	macOS_say_when_enabled	optional_soft_ref_or_text_voice_fallback	1	complete_text_subtitle_with_platform_voice_fallback
294	sugar_land_tx	Sugar Land	Daniel	campaign.294.sugar_land_tx.radio_briefing	always_on	macOS_say_when_enabled	optional_soft_ref_or_text_voice_fallback	2	complete_text_subtitle_with_platform_voice_fallback
295	san_buenaventura_ventura_ca	San Buenaventura (Ventura)	Samantha	campaign.295.san_buenaventura_ventura_ca.radio_briefing	always_on	macOS_say_when_enabled	optional_soft_ref_or_text_voice_fallback	0	complete_text_subtitle_with_platform_voice_fallback
296	downey_ca	Downey	Samantha	campaign.296.downey_ca.radio_briefing	always_on	macOS_say_when_enabled	optional_soft_ref_or_text_voice_fallback	1	complete_text_subtitle_with_platform_voice_fallback
297	costa_mesa_ca	Costa Mesa	Samantha	campaign.297.costa_mesa_ca.radio_briefing	always_on	macOS_say_when_enabled	optional_soft_ref_or_text_voice_fallback	2	complete_text_subtitle_with_platform_voice_fallback
298	centennial_co	Centennial	Samantha	campaign.298.centennial_co.radio_briefing	always_on	macOS_say_when_enabled	optional_soft_ref_or_text_voice_fallback	0	complete_text_subtitle_with_platform_voice_fallback
299	edinburg_tx	Edinburg	Daniel	campaign.299.edinburg_tx.radio_briefing	always_on	macOS_say_when_enabled	optional_soft_ref_or_text_voice_fallback	1	complete_text_subtitle_with_platform_voice_fallback
300	spokane_valley_wa	Spokane Valley	Samantha	campaign.300.spokane_valley_wa.radio_briefing	always_on	macOS_say_when_enabled	optional_soft_ref_or_text_voice_fallback	2	complete_text_subtitle_with_platform_voice_fallback
301	jurupa_valley_ca	Jurupa Valley	Samantha	campaign.301.jurupa_valley_ca.radio_briefing	always_on	macOS_say_when_enabled	optional_soft_ref_or_text_voice_fallback	0	complete_text_subtitle_with_platform_voice_fallback
302	bend_or	Bend	Samantha	campaign.302.bend_or.radio_briefing	always_on	macOS_say_when_enabled	optional_soft_ref_or_text_voice_fallback	1	complete_text_subtitle_with_platform_voice_fallback
303	west_covina_ca	West Covina	Samantha	campaign.303.west_covina_ca.radio_briefing	always_on	macOS_say_when_enabled	optional_soft_ref_or_text_voice_fallback	2	complete_text_subtitle_with_platform_voice_fallback
304	boulder_co	Boulder	Samantha	campaign.304.boulder_co.radio_briefing	always_on	macOS_say_when_enabled	optional_soft_ref_or_text_voice_fallback	0	complete_text_subtitle_with_platform_voice_fallback
305	palm_coast_fl	Palm Coast	Daniel	campaign.305.palm_coast_fl.radio_briefing	always_on	macOS_say_when_enabled	optional_soft_ref_or_text_voice_fallback	1	complete_text_subtitle_with_platform_voice_fallback
306	lee_s_summit_mo	Lee's Summit	Alex	campaign.306.lee_s_summit_mo.radio_briefing	always_on	macOS_say_when_enabled	optional_soft_ref_or_text_voice_fallback	2	complete_text_subtitle_with_platform_voice_fallback
307	dearborn_mi	Dearborn	Alex	campaign.307.dearborn_mi.radio_briefing	always_on	macOS_say_when_enabled	optional_soft_ref_or_text_voice_fallback	0	complete_text_subtitle_with_platform_voice_fallback
308	green_bay_wi	Green Bay	Alex	campaign.308.green_bay_wi.radio_briefing	always_on	macOS_say_when_enabled	optional_soft_ref_or_text_voice_fallback	1	complete_text_subtitle_with_platform_voice_fallback
309	st_george_ut	St. George	Samantha	campaign.309.st_george_ut.radio_briefing	always_on	macOS_say_when_enabled	optional_soft_ref_or_text_voice_fallback	2	complete_text_subtitle_with_platform_voice_fallback
310	brockton_ma	Brockton	Victoria	campaign.310.brockton_ma.radio_briefing	always_on	macOS_say_when_enabled	optional_soft_ref_or_text_voice_fallback	0	complete_text_subtitle_with_platform_voice_fallback
311	renton_wa	Renton	Samantha	campaign.311.renton_wa.radio_briefing	always_on	macOS_say_when_enabled	optional_soft_ref_or_text_voice_fallback	1	complete_text_subtitle_with_platform_voice_fallback
312	sandy_springs_ga	Sandy Springs	Daniel	campaign.312.sandy_springs_ga.radio_briefing	always_on	macOS_say_when_enabled	optional_soft_ref_or_text_voice_fallback	2	complete_text_subtitle_with_platform_voice_fallback
313	rialto_ca	Rialto	Samantha	campaign.313.rialto_ca.radio_briefing	always_on	macOS_say_when_enabled	optional_soft_ref_or_text_voice_fallback	0	complete_text_subtitle_with_platform_voice_fallback
314	el_monte_ca	El Monte	Samantha	campaign.314.el_monte_ca.radio_briefing	always_on	macOS_say_when_enabled	optional_soft_ref_or_text_voice_fallback	1	complete_text_subtitle_with_platform_voice_fallback
315	vacaville_ca	Vacaville	Samantha	campaign.315.vacaville_ca.radio_briefing	always_on	macOS_say_when_enabled	optional_soft_ref_or_text_voice_fallback	2	complete_text_subtitle_with_platform_voice_fallback
316	fishers_in	Fishers	Alex	campaign.316.fishers_in.radio_briefing	always_on	macOS_say_when_enabled	optional_soft_ref_or_text_voice_fallback	0	complete_text_subtitle_with_platform_voice_fallback
317	south_bend_in	South Bend	Alex	campaign.317.south_bend_in.radio_briefing	always_on	macOS_say_when_enabled	optional_soft_ref_or_text_voice_fallback	1	complete_text_subtitle_with_platform_voice_fallback
318	carmel_in	Carmel	Alex	campaign.318.carmel_in.radio_briefing	always_on	macOS_say_when_enabled	optional_soft_ref_or_text_voice_fallback	2	complete_text_subtitle_with_platform_voice_fallback
319	yuma_az	Yuma	Samantha	campaign.319.yuma_az.radio_briefing	always_on	macOS_say_when_enabled	optional_soft_ref_or_text_voice_fallback	0	complete_text_subtitle_with_platform_voice_fallback
320	burbank_ca	Burbank	Samantha	campaign.320.burbank_ca.radio_briefing	always_on	macOS_say_when_enabled	optional_soft_ref_or_text_voice_fallback	1	complete_text_subtitle_with_platform_voice_fallback
321	lynn_ma	Lynn	Victoria	campaign.321.lynn_ma.radio_briefing	always_on	macOS_say_when_enabled	optional_soft_ref_or_text_voice_fallback	2	complete_text_subtitle_with_platform_voice_fallback
322	quincy_ma	Quincy	Victoria	campaign.322.quincy_ma.radio_briefing	always_on	macOS_say_when_enabled	optional_soft_ref_or_text_voice_fallback	0	complete_text_subtitle_with_platform_voice_fallback
323	el_cajon_ca	El Cajon	Samantha	campaign.323.el_cajon_ca.radio_briefing	always_on	macOS_say_when_enabled	optional_soft_ref_or_text_voice_fallback	1	complete_text_subtitle_with_platform_voice_fallback
324	fayetteville_ar	Fayetteville	Daniel	campaign.324.fayetteville_ar.radio_briefing	always_on	macOS_say_when_enabled	optional_soft_ref_or_text_voice_fallback	2	complete_text_subtitle_with_platform_voice_fallback
325	suffolk_va	Suffolk	Daniel	campaign.325.suffolk_va.radio_briefing	always_on	macOS_say_when_enabled	optional_soft_ref_or_text_voice_fallback	0	complete_text_subtitle_with_platform_voice_fallback
326	san_mateo_ca	San Mateo	Samantha	campaign.326.san_mateo_ca.radio_briefing	always_on	macOS_say_when_enabled	optional_soft_ref_or_text_voice_fallback	1	complete_text_subtitle_with_platform_voice_fallback
327	chico_ca	Chico	Samantha	campaign.327.chico_ca.radio_briefing	always_on	macOS_say_when_enabled	optional_soft_ref_or_text_voice_fallback	2	complete_text_subtitle_with_platform_voice_fallback
328	inglewood_ca	Inglewood	Samantha	campaign.328.inglewood_ca.radio_briefing	always_on	macOS_say_when_enabled	optional_soft_ref_or_text_voice_fallback	0	complete_text_subtitle_with_platform_voice_fallback
329	wichita_falls_tx	Wichita Falls	Daniel	campaign.329.wichita_falls_tx.radio_briefing	always_on	macOS_say_when_enabled	optional_soft_ref_or_text_voice_fallback	1	complete_text_subtitle_with_platform_voice_fallback
330	boca_raton_fl	Boca Raton	Daniel	campaign.330.boca_raton_fl.radio_briefing	always_on	macOS_say_when_enabled	optional_soft_ref_or_text_voice_fallback	2	complete_text_subtitle_with_platform_voice_fallback
331	hesperia_ca	Hesperia	Samantha	campaign.331.hesperia_ca.radio_briefing	always_on	macOS_say_when_enabled	optional_soft_ref_or_text_voice_fallback	0	complete_text_subtitle_with_platform_voice_fallback
332	daly_city_ca	Daly City	Samantha	campaign.332.daly_city_ca.radio_briefing	always_on	macOS_say_when_enabled	optional_soft_ref_or_text_voice_fallback	1	complete_text_subtitle_with_platform_voice_fallback
333	georgetown_tx	Georgetown	Daniel	campaign.333.georgetown_tx.radio_briefing	always_on	macOS_say_when_enabled	optional_soft_ref_or_text_voice_fallback	2	complete_text_subtitle_with_platform_voice_fallback
334	new_bedford_ma	New Bedford	Victoria	campaign.334.new_bedford_ma.radio_briefing	always_on	macOS_say_when_enabled	optional_soft_ref_or_text_voice_fallback	0	complete_text_subtitle_with_platform_voice_fallback
335	albany_ny	Albany	Victoria	campaign.335.albany_ny.radio_briefing	always_on	macOS_say_when_enabled	optional_soft_ref_or_text_voice_fallback	1	complete_text_subtitle_with_platform_voice_fallback
336	davenport_ia	Davenport	Alex	campaign.336.davenport_ia.radio_briefing	always_on	macOS_say_when_enabled	optional_soft_ref_or_text_voice_fallback	2	complete_text_subtitle_with_platform_voice_fallback
337	plantation_fl	Plantation	Daniel	campaign.337.plantation_fl.radio_briefing	always_on	macOS_say_when_enabled	optional_soft_ref_or_text_voice_fallback	0	complete_text_subtitle_with_platform_voice_fallback
338	deltona_fl	Deltona	Daniel	campaign.338.deltona_fl.radio_briefing	always_on	macOS_say_when_enabled	optional_soft_ref_or_text_voice_fallback	1	complete_text_subtitle_with_platform_voice_fallback
339	federal_way_wa	Federal Way	Samantha	campaign.339.federal_way_wa.radio_briefing	always_on	macOS_say_when_enabled	optional_soft_ref_or_text_voice_fallback	2	complete_text_subtitle_with_platform_voice_fallback
340	san_angelo_tx	San Angelo	Daniel	campaign.340.san_angelo_tx.radio_briefing	always_on	macOS_say_when_enabled	optional_soft_ref_or_text_voice_fallback	0	complete_text_subtitle_with_platform_voice_fallback
341	tracy_ca	Tracy	Samantha	campaign.341.tracy_ca.radio_briefing	always_on	macOS_say_when_enabled	optional_soft_ref_or_text_voice_fallback	1	complete_text_subtitle_with_platform_voice_fallback
342	sunrise_fl	Sunrise	Daniel	campaign.342.sunrise_fl.radio_briefing	always_on	macOS_say_when_enabled	optional_soft_ref_or_text_voice_fallback	2	complete_text_subtitle_with_platform_voice_fallback
343	tokyo_jp	Tokyo	Kyoko	campaign.343.tokyo_jp.radio_briefing	always_on	macOS_say_when_enabled	optional_soft_ref_or_text_voice_fallback	0	complete_text_subtitle_with_platform_voice_fallback
344	delhi_in	Delhi	Alex	campaign.344.delhi_in.radio_briefing	always_on	macOS_say_when_enabled	optional_soft_ref_or_text_voice_fallback	1	complete_text_subtitle_with_platform_voice_fallback
345	shanghai_cn	Shanghai	Kyoko	campaign.345.shanghai_cn.radio_briefing	always_on	macOS_say_when_enabled	optional_soft_ref_or_text_voice_fallback	2	complete_text_subtitle_with_platform_voice_fallback
346	sao_paulo_br	Sao Paulo	Diego	campaign.346.sao_paulo_br.radio_briefing	always_on	macOS_say_when_enabled	optional_soft_ref_or_text_voice_fallback	0	complete_text_subtitle_with_platform_voice_fallback
347	mexico_city_mx	Mexico City	Diego	campaign.347.mexico_city_mx.radio_briefing	always_on	macOS_say_when_enabled	optional_soft_ref_or_text_voice_fallback	1	complete_text_subtitle_with_platform_voice_fallback
348	cairo_eg	Cairo	Tessa	campaign.348.cairo_eg.radio_briefing	always_on	macOS_say_when_enabled	optional_soft_ref_or_text_voice_fallback	2	complete_text_subtitle_with_platform_voice_fallback
349	mumbai_in	Mumbai	Alex	campaign.349.mumbai_in.radio_briefing	always_on	macOS_say_when_enabled	optional_soft_ref_or_text_voice_fallback	0	complete_text_subtitle_with_platform_voice_fallback
350	beijing_cn	Beijing	Kyoko	campaign.350.beijing_cn.radio_briefing	always_on	macOS_say_when_enabled	optional_soft_ref_or_text_voice_fallback	1	complete_text_subtitle_with_platform_voice_fallback
351	dhaka_bd	Dhaka	Rishi	campaign.351.dhaka_bd.radio_briefing	always_on	macOS_say_when_enabled	optional_soft_ref_or_text_voice_fallback	2	complete_text_subtitle_with_platform_voice_fallback
352	osaka_jp	Osaka	Kyoko	campaign.352.osaka_jp.radio_briefing	always_on	macOS_say_when_enabled	optional_soft_ref_or_text_voice_fallback	0	complete_text_subtitle_with_platform_voice_fallback
353	karachi_pk	Karachi	Rishi	campaign.353.karachi_pk.radio_briefing	always_on	macOS_say_when_enabled	optional_soft_ref_or_text_voice_fallback	1	complete_text_subtitle_with_platform_voice_fallback
354	buenos_aires_ar	Buenos Aires	Daniel	campaign.354.buenos_aires_ar.radio_briefing	always_on	macOS_say_when_enabled	optional_soft_ref_or_text_voice_fallback	2	complete_text_subtitle_with_platform_voice_fallback
355	istanbul_tr	Istanbul	Maged	campaign.355.istanbul_tr.radio_briefing	always_on	macOS_say_when_enabled	optional_soft_ref_or_text_voice_fallback	0	complete_text_subtitle_with_platform_voice_fallback
356	kolkata_in	Kolkata	Alex	campaign.356.kolkata_in.radio_briefing	always_on	macOS_say_when_enabled	optional_soft_ref_or_text_voice_fallback	1	complete_text_subtitle_with_platform_voice_fallback
357	manila_ph	Manila	Kyoko	campaign.357.manila_ph.radio_briefing	always_on	macOS_say_when_enabled	optional_soft_ref_or_text_voice_fallback	2	complete_text_subtitle_with_platform_voice_fallback
358	lagos_ng	Lagos	Tessa	campaign.358.lagos_ng.radio_briefing	always_on	macOS_say_when_enabled	optional_soft_ref_or_text_voice_fallback	0	complete_text_subtitle_with_platform_voice_fallback
359	rio_de_janeiro_br	Rio de Janeiro	Diego	campaign.359.rio_de_janeiro_br.radio_briefing	always_on	macOS_say_when_enabled	optional_soft_ref_or_text_voice_fallback	1	complete_text_subtitle_with_platform_voice_fallback
360	tianjin_cn	Tianjin	Kyoko	campaign.360.tianjin_cn.radio_briefing	always_on	macOS_say_when_enabled	optional_soft_ref_or_text_voice_fallback	2	complete_text_subtitle_with_platform_voice_fallback
361	kinshasa_cd	Kinshasa	Tessa	campaign.361.kinshasa_cd.radio_briefing	always_on	macOS_say_when_enabled	optional_soft_ref_or_text_voice_fallback	0	complete_text_subtitle_with_platform_voice_fallback
362	guangzhou_cn	Guangzhou	Kyoko	campaign.362.guangzhou_cn.radio_briefing	always_on	macOS_say_when_enabled	optional_soft_ref_or_text_voice_fallback	1	complete_text_subtitle_with_platform_voice_fallback
363	shenzhen_cn	Shenzhen	Kyoko	campaign.363.shenzhen_cn.radio_briefing	always_on	macOS_say_when_enabled	optional_soft_ref_or_text_voice_fallback	2	complete_text_subtitle_with_platform_voice_fallback
364	lahore_pk	Lahore	Rishi	campaign.364.lahore_pk.radio_briefing	always_on	macOS_say_when_enabled	optional_soft_ref_or_text_voice_fallback	0	complete_text_subtitle_with_platform_voice_fallback
365	bangalore_in	Bangalore	Alex	campaign.365.bangalore_in.radio_briefing	always_on	macOS_say_when_enabled	optional_soft_ref_or_text_voice_fallback	1	complete_text_subtitle_with_platform_voice_fallback
366	paris_fr	Paris	Daniel	campaign.366.paris_fr.radio_briefing	always_on	macOS_say_when_enabled	optional_soft_ref_or_text_voice_fallback	2	complete_text_subtitle_with_platform_voice_fallback
367	bogota_co	Bogota	Samantha	campaign.367.bogota_co.radio_briefing	always_on	macOS_say_when_enabled	optional_soft_ref_or_text_voice_fallback	0	complete_text_subtitle_with_platform_voice_fallback
368	jakarta_id	Jakarta	Samantha	campaign.368.jakarta_id.radio_briefing	always_on	macOS_say_when_enabled	optional_soft_ref_or_text_voice_fallback	1	complete_text_subtitle_with_platform_voice_fallback
369	chennai_in	Chennai	Alex	campaign.369.chennai_in.radio_briefing	always_on	macOS_say_when_enabled	optional_soft_ref_or_text_voice_fallback	2	complete_text_subtitle_with_platform_voice_fallback
370	lima_pe	Lima	Diego	campaign.370.lima_pe.radio_briefing	always_on	macOS_say_when_enabled	optional_soft_ref_or_text_voice_fallback	0	complete_text_subtitle_with_platform_voice_fallback
371	bangkok_th	Bangkok	Kyoko	campaign.371.bangkok_th.radio_briefing	always_on	macOS_say_when_enabled	optional_soft_ref_or_text_voice_fallback	1	complete_text_subtitle_with_platform_voice_fallback
372	seoul_kr	Seoul	Kyoko	campaign.372.seoul_kr.radio_briefing	always_on	macOS_say_when_enabled	optional_soft_ref_or_text_voice_fallback	2	complete_text_subtitle_with_platform_voice_fallback
373	nagoya_jp	Nagoya	Kyoko	campaign.373.nagoya_jp.radio_briefing	always_on	macOS_say_when_enabled	optional_soft_ref_or_text_voice_fallback	0	complete_text_subtitle_with_platform_voice_fallback
374	hyderabad_in	Hyderabad	Alex	campaign.374.hyderabad_in.radio_briefing	always_on	macOS_say_when_enabled	optional_soft_ref_or_text_voice_fallback	1	complete_text_subtitle_with_platform_voice_fallback
375	london_gb	London	Daniel	campaign.375.london_gb.radio_briefing	always_on	macOS_say_when_enabled	optional_soft_ref_or_text_voice_fallback	2	complete_text_subtitle_with_platform_voice_fallback
376	tehran_ir	Tehran	Maged	campaign.376.tehran_ir.radio_briefing	always_on	macOS_say_when_enabled	optional_soft_ref_or_text_voice_fallback	0	complete_text_subtitle_with_platform_voice_fallback
377	chengdu_cn	Chengdu	Kyoko	campaign.377.chengdu_cn.radio_briefing	always_on	macOS_say_when_enabled	optional_soft_ref_or_text_voice_fallback	1	complete_text_subtitle_with_platform_voice_fallback
378	nanjing_cn	Nanjing	Kyoko	campaign.378.nanjing_cn.radio_briefing	always_on	macOS_say_when_enabled	optional_soft_ref_or_text_voice_fallback	2	complete_text_subtitle_with_platform_voice_fallback
379	wuhan_cn	Wuhan	Kyoko	campaign.379.wuhan_cn.radio_briefing	always_on	macOS_say_when_enabled	optional_soft_ref_or_text_voice_fallback	0	complete_text_subtitle_with_platform_voice_fallback
380	ho_chi_minh_city_vn	Ho Chi Minh City	Kyoko	campaign.380.ho_chi_minh_city_vn.radio_briefing	always_on	macOS_say_when_enabled	optional_soft_ref_or_text_voice_fallback	1	complete_text_subtitle_with_platform_voice_fallback
381	luanda_ao	Luanda	Tessa	campaign.381.luanda_ao.radio_briefing	always_on	macOS_say_when_enabled	optional_soft_ref_or_text_voice_fallback	2	complete_text_subtitle_with_platform_voice_fallback
382	ahmedabad_in	Ahmedabad	Alex	campaign.382.ahmedabad_in.radio_briefing	always_on	macOS_say_when_enabled	optional_soft_ref_or_text_voice_fallback	0	complete_text_subtitle_with_platform_voice_fallback
383	kuala_lumpur_my	Kuala Lumpur	Kyoko	campaign.383.kuala_lumpur_my.radio_briefing	always_on	macOS_say_when_enabled	optional_soft_ref_or_text_voice_fallback	1	complete_text_subtitle_with_platform_voice_fallback
384	xi_an_cn	Xi'an	Kyoko	campaign.384.xi_an_cn.radio_briefing	always_on	macOS_say_when_enabled	optional_soft_ref_or_text_voice_fallback	2	complete_text_subtitle_with_platform_voice_fallback
385	hong_kong_hk	Hong Kong	Kyoko	campaign.385.hong_kong_hk.radio_briefing	always_on	macOS_say_when_enabled	optional_soft_ref_or_text_voice_fallback	0	complete_text_subtitle_with_platform_voice_fallback
386	hangzhou_cn	Hangzhou	Kyoko	campaign.386.hangzhou_cn.radio_briefing	always_on	macOS_say_when_enabled	optional_soft_ref_or_text_voice_fallback	1	complete_text_subtitle_with_platform_voice_fallback
387	foshan_cn	Foshan	Kyoko	campaign.387.foshan_cn.radio_briefing	always_on	macOS_say_when_enabled	optional_soft_ref_or_text_voice_fallback	2	complete_text_subtitle_with_platform_voice_fallback
388	shenyang_cn	Shenyang	Kyoko	campaign.388.shenyang_cn.radio_briefing	always_on	macOS_say_when_enabled	optional_soft_ref_or_text_voice_fallback	0	complete_text_subtitle_with_platform_voice_fallback
389	riyadh_sa	Riyadh	Maged	campaign.389.riyadh_sa.radio_briefing	always_on	macOS_say_when_enabled	optional_soft_ref_or_text_voice_fallback	1	complete_text_subtitle_with_platform_voice_fallback
390	baghdad_iq	Baghdad	Maged	campaign.390.baghdad_iq.radio_briefing	always_on	macOS_say_when_enabled	optional_soft_ref_or_text_voice_fallback	2	complete_text_subtitle_with_platform_voice_fallback
391	santiago_cl	Santiago	Diego	campaign.391.santiago_cl.radio_briefing	always_on	macOS_say_when_enabled	optional_soft_ref_or_text_voice_fallback	0	complete_text_subtitle_with_platform_voice_fallback
392	surat_in	Surat	Alex	campaign.392.surat_in.radio_briefing	always_on	macOS_say_when_enabled	optional_soft_ref_or_text_voice_fallback	1	complete_text_subtitle_with_platform_voice_fallback
393	madrid_es	Madrid	Daniel	campaign.393.madrid_es.radio_briefing	always_on	macOS_say_when_enabled	optional_soft_ref_or_text_voice_fallback	2	complete_text_subtitle_with_platform_voice_fallback
394	toronto_ca_on	Toronto	Samantha	campaign.394.toronto_ca_on.radio_briefing	always_on	macOS_say_when_enabled	optional_soft_ref_or_text_voice_fallback	0	complete_text_subtitle_with_platform_voice_fallback
395	belo_horizonte_br	Belo Horizonte	Diego	campaign.395.belo_horizonte_br.radio_briefing	always_on	macOS_say_when_enabled	optional_soft_ref_or_text_voice_fallback	1	complete_text_subtitle_with_platform_voice_fallback
396	singapore_sg	Singapore	Kyoko	campaign.396.singapore_sg.radio_briefing	always_on	macOS_say_when_enabled	optional_soft_ref_or_text_voice_fallback	2	complete_text_subtitle_with_platform_voice_fallback
397	barcelona_es	Barcelona	Daniel	campaign.397.barcelona_es.radio_briefing	always_on	macOS_say_when_enabled	optional_soft_ref_or_text_voice_fallback	0	complete_text_subtitle_with_platform_voice_fallback
398	alexandria_eg	Alexandria	Tessa	campaign.398.alexandria_eg.radio_briefing	always_on	macOS_say_when_enabled	optional_soft_ref_or_text_voice_fallback	1	complete_text_subtitle_with_platform_voice_fallback
399	casablanca_ma	Casablanca	Victoria	campaign.399.casablanca_ma.radio_briefing	always_on	macOS_say_when_enabled	optional_soft_ref_or_text_voice_fallback	2	complete_text_subtitle_with_platform_voice_fallback
400	melbourne_au	Melbourne	Karen	campaign.400.melbourne_au.radio_briefing	always_on	macOS_say_when_enabled	optional_soft_ref_or_text_voice_fallback	0	complete_text_subtitle_with_platform_voice_fallback
401	sydney_au	Sydney	Karen	campaign.401.sydney_au.radio_briefing	always_on	macOS_say_when_enabled	optional_soft_ref_or_text_voice_fallback	1	complete_text_subtitle_with_platform_voice_fallback
402	berlin_de	Berlin	Daniel	campaign.402.berlin_de.radio_briefing	always_on	macOS_say_when_enabled	optional_soft_ref_or_text_voice_fallback	2	complete_text_subtitle_with_platform_voice_fallback
403	rome_it	Rome	Daniel	campaign.403.rome_it.radio_briefing	always_on	macOS_say_when_enabled	optional_soft_ref_or_text_voice_fallback	0	complete_text_subtitle_with_platform_voice_fallback
404	dubai_ae	Dubai	Maged	campaign.404.dubai_ae.radio_briefing	always_on	macOS_say_when_enabled	optional_soft_ref_or_text_voice_fallback	1	complete_text_subtitle_with_platform_voice_fallback
405	abu_dhabi_ae	Abu Dhabi	Maged	campaign.405.abu_dhabi_ae.radio_briefing	always_on	macOS_say_when_enabled	optional_soft_ref_or_text_voice_fallback	2	complete_text_subtitle_with_platform_voice_fallback
406	nairobi_ke	Nairobi	Tessa	campaign.406.nairobi_ke.radio_briefing	always_on	macOS_say_when_enabled	optional_soft_ref_or_text_voice_fallback	0	complete_text_subtitle_with_platform_voice_fallback
407	johannesburg_za	Johannesburg	Tessa	campaign.407.johannesburg_za.radio_briefing	always_on	macOS_say_when_enabled	optional_soft_ref_or_text_voice_fallback	1	complete_text_subtitle_with_platform_voice_fallback
408	cape_town_za	Cape Town	Tessa	campaign.408.cape_town_za.radio_briefing	always_on	macOS_say_when_enabled	optional_soft_ref_or_text_voice_fallback	2	complete_text_subtitle_with_platform_voice_fallback
409	addis_ababa_et	Addis Ababa	Tessa	campaign.409.addis_ababa_et.radio_briefing	always_on	macOS_say_when_enabled	optional_soft_ref_or_text_voice_fallback	0	complete_text_subtitle_with_platform_voice_fallback
410	dar_es_salaam_tz	Dar es Salaam	Tessa	campaign.410.dar_es_salaam_tz.radio_briefing	always_on	macOS_say_when_enabled	optional_soft_ref_or_text_voice_fallback	1	complete_text_subtitle_with_platform_voice_fallback
411	accra_gh	Accra	Tessa	campaign.411.accra_gh.radio_briefing	always_on	macOS_say_when_enabled	optional_soft_ref_or_text_voice_fallback	2	complete_text_subtitle_with_platform_voice_fallback
412	abidjan_ci	Abidjan	Tessa	campaign.412.abidjan_ci.radio_briefing	always_on	macOS_say_when_enabled	optional_soft_ref_or_text_voice_fallback	0	complete_text_subtitle_with_platform_voice_fallback
413	algiers_dz	Algiers	Tessa	campaign.413.algiers_dz.radio_briefing	always_on	macOS_say_when_enabled	optional_soft_ref_or_text_voice_fallback	1	complete_text_subtitle_with_platform_voice_fallback
414	tunis_tn	Tunis	Daniel	campaign.414.tunis_tn.radio_briefing	always_on	macOS_say_when_enabled	optional_soft_ref_or_text_voice_fallback	2	complete_text_subtitle_with_platform_voice_fallback
415	rabat_ma	Rabat	Victoria	campaign.415.rabat_ma.radio_briefing	always_on	macOS_say_when_enabled	optional_soft_ref_or_text_voice_fallback	0	complete_text_subtitle_with_platform_voice_fallback
416	montreal_ca_qc	Montreal	Samantha	campaign.416.montreal_ca_qc.radio_briefing	always_on	macOS_say_when_enabled	optional_soft_ref_or_text_voice_fallback	1	complete_text_subtitle_with_platform_voice_fallback
417	vancouver_ca_bc	Vancouver	Samantha	campaign.417.vancouver_ca_bc.radio_briefing	always_on	macOS_say_when_enabled	optional_soft_ref_or_text_voice_fallback	2	complete_text_subtitle_with_platform_voice_fallback
418	calgary_ca_ab	Calgary	Samantha	campaign.418.calgary_ca_ab.radio_briefing	always_on	macOS_say_when_enabled	optional_soft_ref_or_text_voice_fallback	0	complete_text_subtitle_with_platform_voice_fallback
419	ottawa_ca_on	Ottawa	Samantha	campaign.419.ottawa_ca_on.radio_briefing	always_on	macOS_say_when_enabled	optional_soft_ref_or_text_voice_fallback	1	complete_text_subtitle_with_platform_voice_fallback
420	havana_cu	Havana	Diego	campaign.420.havana_cu.radio_briefing	always_on	macOS_say_when_enabled	optional_soft_ref_or_text_voice_fallback	2	complete_text_subtitle_with_platform_voice_fallback
421	santo_domingo_do	Santo Domingo	Diego	campaign.421.santo_domingo_do.radio_briefing	always_on	macOS_say_when_enabled	optional_soft_ref_or_text_voice_fallback	0	complete_text_subtitle_with_platform_voice_fallback
422	guatemala_city_gt	Guatemala City	Diego	campaign.422.guatemala_city_gt.radio_briefing	always_on	macOS_say_when_enabled	optional_soft_ref_or_text_voice_fallback	1	complete_text_subtitle_with_platform_voice_fallback
423	san_salvador_sv	San Salvador	Diego	campaign.423.san_salvador_sv.radio_briefing	always_on	macOS_say_when_enabled	optional_soft_ref_or_text_voice_fallback	2	complete_text_subtitle_with_platform_voice_fallback
424	panama_city_pa	Panama City	Victoria	campaign.424.panama_city_pa.radio_briefing	always_on	macOS_say_when_enabled	optional_soft_ref_or_text_voice_fallback	0	complete_text_subtitle_with_platform_voice_fallback
425	quito_ec	Quito	Diego	campaign.425.quito_ec.radio_briefing	always_on	macOS_say_when_enabled	optional_soft_ref_or_text_voice_fallback	1	complete_text_subtitle_with_platform_voice_fallback
426	caracas_ve	Caracas	Diego	campaign.426.caracas_ve.radio_briefing	always_on	macOS_say_when_enabled	optional_soft_ref_or_text_voice_fallback	2	complete_text_subtitle_with_platform_voice_fallback
427	medellin_co	Medellin	Samantha	campaign.427.medellin_co.radio_briefing	always_on	macOS_say_when_enabled	optional_soft_ref_or_text_voice_fallback	0	complete_text_subtitle_with_platform_voice_fallback
428	montevideo_uy	Montevideo	Diego	campaign.428.montevideo_uy.radio_briefing	always_on	macOS_say_when_enabled	optional_soft_ref_or_text_voice_fallback	1	complete_text_subtitle_with_platform_voice_fallback
429	la_paz_bo	La Paz	Diego	campaign.429.la_paz_bo.radio_briefing	always_on	macOS_say_when_enabled	optional_soft_ref_or_text_voice_fallback	2	complete_text_subtitle_with_platform_voice_fallback
430	asuncion_py	Asuncion	Diego	campaign.430.asuncion_py.radio_briefing	always_on	macOS_say_when_enabled	optional_soft_ref_or_text_voice_fallback	0	complete_text_subtitle_with_platform_voice_fallback
431	brasilia_br	Brasilia	Diego	campaign.431.brasilia_br.radio_briefing	always_on	macOS_say_when_enabled	optional_soft_ref_or_text_voice_fallback	1	complete_text_subtitle_with_platform_voice_fallback
432	recife_br	Recife	Diego	campaign.432.recife_br.radio_briefing	always_on	macOS_say_when_enabled	optional_soft_ref_or_text_voice_fallback	2	complete_text_subtitle_with_platform_voice_fallback
433	salvador_br	Salvador	Diego	campaign.433.salvador_br.radio_briefing	always_on	macOS_say_when_enabled	optional_soft_ref_or_text_voice_fallback	0	complete_text_subtitle_with_platform_voice_fallback
434	fortaleza_br	Fortaleza	Diego	campaign.434.fortaleza_br.radio_briefing	always_on	macOS_say_when_enabled	optional_soft_ref_or_text_voice_fallback	1	complete_text_subtitle_with_platform_voice_fallback
435	manaus_br	Manaus	Diego	campaign.435.manaus_br.radio_briefing	always_on	macOS_say_when_enabled	optional_soft_ref_or_text_voice_fallback	2	complete_text_subtitle_with_platform_voice_fallback
436	curitiba_br	Curitiba	Diego	campaign.436.curitiba_br.radio_briefing	always_on	macOS_say_when_enabled	optional_soft_ref_or_text_voice_fallback	0	complete_text_subtitle_with_platform_voice_fallback
437	porto_alegre_br	Porto Alegre	Diego	campaign.437.porto_alegre_br.radio_briefing	always_on	macOS_say_when_enabled	optional_soft_ref_or_text_voice_fallback	1	complete_text_subtitle_with_platform_voice_fallback
438	yokohama_jp	Yokohama	Kyoko	campaign.438.yokohama_jp.radio_briefing	always_on	macOS_say_when_enabled	optional_soft_ref_or_text_voice_fallback	2	complete_text_subtitle_with_platform_voice_fallback
439	fukuoka_jp	Fukuoka	Kyoko	campaign.439.fukuoka_jp.radio_briefing	always_on	macOS_say_when_enabled	optional_soft_ref_or_text_voice_fallback	0	complete_text_subtitle_with_platform_voice_fallback
440	sapporo_jp	Sapporo	Kyoko	campaign.440.sapporo_jp.radio_briefing	always_on	macOS_say_when_enabled	optional_soft_ref_or_text_voice_fallback	1	complete_text_subtitle_with_platform_voice_fallback
441	taipei_tw	Taipei	Kyoko	campaign.441.taipei_tw.radio_briefing	always_on	macOS_say_when_enabled	optional_soft_ref_or_text_voice_fallback	2	complete_text_subtitle_with_platform_voice_fallback
442	kaohsiung_tw	Kaohsiung	Kyoko	campaign.442.kaohsiung_tw.radio_briefing	always_on	macOS_say_when_enabled	optional_soft_ref_or_text_voice_fallback	0	complete_text_subtitle_with_platform_voice_fallback
443	quezon_city_ph	Quezon City	Kyoko	campaign.443.quezon_city_ph.radio_briefing	always_on	macOS_say_when_enabled	optional_soft_ref_or_text_voice_fallback	1	complete_text_subtitle_with_platform_voice_fallback
444	davao_city_ph	Davao City	Kyoko	campaign.444.davao_city_ph.radio_briefing	always_on	macOS_say_when_enabled	optional_soft_ref_or_text_voice_fallback	2	complete_text_subtitle_with_platform_voice_fallback
445	hanoi_vn	Hanoi	Kyoko	campaign.445.hanoi_vn.radio_briefing	always_on	macOS_say_when_enabled	optional_soft_ref_or_text_voice_fallback	0	complete_text_subtitle_with_platform_voice_fallback
446	phnom_penh_kh	Phnom Penh	Kyoko	campaign.446.phnom_penh_kh.radio_briefing	always_on	macOS_say_when_enabled	optional_soft_ref_or_text_voice_fallback	1	complete_text_subtitle_with_platform_voice_fallback
447	yangon_mm	Yangon	Kyoko	campaign.447.yangon_mm.radio_briefing	always_on	macOS_say_when_enabled	optional_soft_ref_or_text_voice_fallback	2	complete_text_subtitle_with_platform_voice_fallback
448	mandalay_mm	Mandalay	Kyoko	campaign.448.mandalay_mm.radio_briefing	always_on	macOS_say_when_enabled	optional_soft_ref_or_text_voice_fallback	0	complete_text_subtitle_with_platform_voice_fallback
449	vientiane_lao	Vientiane	Kyoko	campaign.449.vientiane_lao.radio_briefing	always_on	macOS_say_when_enabled	optional_soft_ref_or_text_voice_fallback	1	complete_text_subtitle_with_platform_voice_fallback
450	bandung_id	Bandung	Samantha	campaign.450.bandung_id.radio_briefing	always_on	macOS_say_when_enabled	optional_soft_ref_or_text_voice_fallback	2	complete_text_subtitle_with_platform_voice_fallback
451	surabaya_id	Surabaya	Samantha	campaign.451.surabaya_id.radio_briefing	always_on	macOS_say_when_enabled	optional_soft_ref_or_text_voice_fallback	0	complete_text_subtitle_with_platform_voice_fallback
452	medan_id	Medan	Samantha	campaign.452.medan_id.radio_briefing	always_on	macOS_say_when_enabled	optional_soft_ref_or_text_voice_fallback	1	complete_text_subtitle_with_platform_voice_fallback
453	denpasar_id	Denpasar	Samantha	campaign.453.denpasar_id.radio_briefing	always_on	macOS_say_when_enabled	optional_soft_ref_or_text_voice_fallback	2	complete_text_subtitle_with_platform_voice_fallback
454	auckland_nz	Auckland	Karen	campaign.454.auckland_nz.radio_briefing	always_on	macOS_say_when_enabled	optional_soft_ref_or_text_voice_fallback	0	complete_text_subtitle_with_platform_voice_fallback
455	warsaw_pl	Warsaw	Daniel	campaign.455.warsaw_pl.radio_briefing	always_on	macOS_say_when_enabled	optional_soft_ref_or_text_voice_fallback	1	complete_text_subtitle_with_platform_voice_fallback
456	amsterdam_nl	Amsterdam	Daniel	campaign.456.amsterdam_nl.radio_briefing	always_on	macOS_say_when_enabled	optional_soft_ref_or_text_voice_fallback	2	complete_text_subtitle_with_platform_voice_fallback
457	lisbon_pt	Lisbon	Daniel	campaign.457.lisbon_pt.radio_briefing	always_on	macOS_say_when_enabled	optional_soft_ref_or_text_voice_fallback	0	complete_text_subtitle_with_platform_voice_fallback
458	rotterdam_nl	Rotterdam	Daniel	campaign.458.rotterdam_nl.radio_briefing	always_on	macOS_say_when_enabled	optional_soft_ref_or_text_voice_fallback	1	complete_text_subtitle_with_platform_voice_fallback
459	manchester_gb	Manchester	Daniel	campaign.459.manchester_gb.radio_briefing	always_on	macOS_say_when_enabled	optional_soft_ref_or_text_voice_fallback	2	complete_text_subtitle_with_platform_voice_fallback
460	birmingham_gb	Birmingham	Daniel	campaign.460.birmingham_gb.radio_briefing	always_on	macOS_say_when_enabled	optional_soft_ref_or_text_voice_fallback	0	complete_text_subtitle_with_platform_voice_fallback
461	saint_petersburg_ru	Saint Petersburg	Daniel	campaign.461.saint_petersburg_ru.radio_briefing	always_on	macOS_say_when_enabled	optional_soft_ref_or_text_voice_fallback	1	complete_text_subtitle_with_platform_voice_fallback
462	moscow_ru	Moscow	Daniel	campaign.462.moscow_ru.radio_briefing	always_on	macOS_say_when_enabled	optional_soft_ref_or_text_voice_fallback	2	complete_text_subtitle_with_platform_voice_fallback
463	kyiv_ua	Kyiv	Daniel	campaign.463.kyiv_ua.radio_briefing	always_on	macOS_say_when_enabled	optional_soft_ref_or_text_voice_fallback	0	complete_text_subtitle_with_platform_voice_fallback
464	prague_cz	Prague	Daniel	campaign.464.prague_cz.radio_briefing	always_on	macOS_say_when_enabled	optional_soft_ref_or_text_voice_fallback	1	complete_text_subtitle_with_platform_voice_fallback
465	vienna_at	Vienna	Daniel	campaign.465.vienna_at.radio_briefing	always_on	macOS_say_when_enabled	optional_soft_ref_or_text_voice_fallback	2	complete_text_subtitle_with_platform_voice_fallback
