surface	runtime_source	player_signal	persisted_state	verification
LanguageSaveContinuityText	UCodeRescueObjectiveJournalWidget::BuildLanguageSaveContinuityLine	Selected coding language, active language-only save slot, save-present/new-run state, and start-screen resume reminder	SelectedLanguage, SaveSlotName, language-specific save slot	verify_inventory_map_journal_polish_slice_pass.py plus packaged smoke
LanguageProfileRecapText	UCodeRescueObjectiveJournalWidget + UCodeRescueGameInstance::GetLanguageProfileRecapSummary	LANGUAGE PROFILE RECAP shows selected-language mastery, profile stats, run stats, stage recap, review recommendation, and save-slot preview	SelectedLanguage, SaveSlotName, Difficulty, language counters, learning counters, run scoreboard fields	verify_language_profile_recap_slice_pass.py plus verify_inventory_map_journal_polish_slice_pass.py
LearningDebriefReadoutText	UCodeRescueObjectiveJournalWidget + UCodeRescueGameInstance::GetLearningDebriefJournalSummary	LAST LEARNING DEBRIEF names the saved track, terminal challenge, concept, score, save slot, and compact post-solve or assisted learning takeaway	LastLearningDebriefChallengeId, LastLearningDebriefConcept, LastLearningDebriefLanguage, LastLearningDebriefScore, LastLearningDebriefSummary, bHasLearningDebriefState	verify_persistent_learning_debrief_slice_pass.py plus verify_terminal_post_solve_debrief_slice_pass.py
ChallengeReplayBriefText	UCodeRescueObjectiveJournalWidget + UCodeRescueGameInstance::GetChallengeReplayJournalSummary	CHALLENGE REPLAY BRIEF turns the saved debrief into visible-goal, hidden-test replay, clean/assisted status, and practice-action guidance that survives start-screen Resume	LastLearningDebriefChallengeId, LastLearningDebriefConcept, LastLearningDebriefLanguage, LastLearningDebriefScore, LastLearningDebriefSummary, bHasLearningDebriefState	verify_challenge_replay_journal_slice_pass.py plus verify_persistent_learning_debrief_slice_pass.py
FailSafeObjectiveBoardText	UCodeRescueObjectiveJournalWidget + UCodeRescueGameInstance::GetFailSafeObjectiveBoardSummary	FAIL-SAFE OBJECTIVE BOARD shows selected-language save slot, start-screen Resume state, active route phase, return markers, safe recovery controls, protected terminal safety, and next action	SelectedLanguage, SaveSlotName, language-specific save slot, SolvedTerminalIds, RescuedSurvivorNames, active campaign mission	verify_fail_safe_objective_board_slice_pass.py plus verify_inventory_map_journal_polish_slice_pass.py
RouteMapReadoutText	UCodeRescueObjectiveJournalWidget::BuildRouteMapReadout	Current city, region, landmark, terminal state, survivor state, case-file summary, and next route marker	SolvedTerminalIds, RescuedSurvivorNames, CollectedCaseFileIds	verify_inventory_map_journal_polish_slice_pass.py plus packaged smoke
FieldInventoryReadoutText	UCodeRescueObjectiveJournalWidget::BuildInventoryReadout	Active weapon, ammo, role, weapon slots, armor, medkits, scanner, flashlight, bypass kits, throwables, pouch, scrap, and research	Player resource save fields and live ACodeRescueCharacter inventory	verify_inventory_map_journal_polish_slice_pass.py plus packaged smoke
SurvivorIntelDossierText	UCodeRescueObjectiveJournalWidget::BuildSurvivorIntelDossier	Survivor route status, contact, location, lesson payoff, validation attempts, language progress, and next step	MissionProgress, SolvedTerminalIds, RescuedSurvivorNames	verify_survivor_intel_dossier_slice_pass.py plus verify_inventory_map_journal_polish_slice_pass.py
SurvivorIntelArchiveText	UCodeRescueObjectiveJournalWidget + UCodeRescueGameInstance::GetSurvivorIntelArchiveSummary	SURVIVOR INTEL ARCHIVE names the latest uploaded terminal intel, contact, route, selected language, score, save slot, assisted/clean solve summary, and rescued status after resume	LastSurvivorIntelTerminalId, LastSurvivorIntelSurvivorName, LastSurvivorIntelCityLabel, LastSurvivorIntelLanguage, LastSurvivorIntelStatus, LastSurvivorIntelSummary, LastSurvivorIntelScore, bHasSurvivorIntelArchiveState	verify_survivor_intel_archive_slice_pass.py plus verify_survivor_intel_dossier_slice_pass.py
