surface	runtime_profile	owner_component	required_cleanup	runtime_tags	fallback_asset	validation_route	status
Player body	PlayerOperator	ACodeRescueCharacter::GetMesh	bind pose at origin; Manny bone naming; weapon/camera sockets; locomotion take trim; Mac LOD/material budget	MayaCharacterCleanupRuntimeContract;MayaBindPoseOriginReview;MayaSkeletonNamingReview;MayaWeaponSocketCleanup;MayaCameraSocketCleanup	/Game/YI_ModularZombies/Demo/Characters/Mannequins/Meshes/SKM_Manny.SKM_Manny	verify_maya_character_cleanup_slice_pass.py plus verify_camera_perspectives_and_character_roster.py	cleanup_contract_ready
First-person arms	FirstPersonArms	ACodeRescueCharacter::FirstPersonArmsMesh	bind pose at origin; first-person grip pose; weapon IK sockets; fire/reload take trim; no third-person occlusion	MayaCharacterCleanupRuntimeContract;MayaFirstPersonArmsCleanup;MayaGripPoseCleanup;MayaSocketAuthoringReview;MayaAnimationTakeCleanupReview	/Game/YI_ModularZombies/Demo/Characters/Mannequins/Meshes/SKM_Manny.SKM_Manny	verify_maya_character_cleanup_slice_pass.py plus verify_player_first_person_animation_slice_pass.py	cleanup_contract_ready
Survivor hero	SurvivorHero	ASurvivorActor::ProfessionalSkeletalBody	Quinn/MetaHuman-compatible bind pose; facial/control rig slot; wardrobe sockets; foot IK review; rescue gesture takes	MayaCharacterCleanupRuntimeContract;MayaFacialRigCleanup;MayaWardrobeSocketCleanup;MayaBindPoseOriginReview;MayaAnimationTakeCleanupReview	/Game/YI_ModularZombies/Demo/Characters/Mannequins/Meshes/SKM_Quinn.SKM_Quinn	verify_maya_character_cleanup_slice_pass.py plus verify_survivor_rescue_dialogue_handoff_slice_pass.py	cleanup_contract_ready
Friendly NPC cast	FriendlyNPC	AFriendlyNPCActor::SkeletalNPCBody	role gesture takes; wardrobe sockets; facial slot review; Mac-safe hair fallback; authored idle loop trim	MayaCharacterCleanupRuntimeContract;MayaRoleGestureCleanup;MayaWardrobeSocketCleanup;MayaFacialRigCleanup;MayaLODMaterialBudgetReview	/Game/YI_ModularZombies/Demo/Characters/Mannequins/Meshes/SKM_Manny.SKM_Manny	verify_maya_character_cleanup_slice_pass.py plus verify_may27_unreal_systems_character_world_pass.py	cleanup_contract_ready
Companion hero	CompanionHero	ACompanionActor::GetMesh	formation locomotion takes; command gesture clips; follow/hold sockets; foot IK cleanup; animation budget tags	MayaCharacterCleanupRuntimeContract;MayaFormationLocomotionCleanup;MayaCommandGestureCleanup;MayaAnimationTakeCleanupReview;MayaLODMaterialBudgetReview	/Game/YI_ModularZombies/Demo/Characters/Mannequins/Meshes/SKM_Quinn.SKM_Quinn	verify_maya_character_cleanup_slice_pass.py plus verify_squad_personality_tactical_readability_slice_pass.py	cleanup_contract_ready
Zombie crowd	ZombieCrowd	ACodeZombieActor::GetMesh	zombie pack bone map; attack/death take trim; ragdoll body setup; physics asset review; variant LOD/material budget	MayaCharacterCleanupRuntimeContract;MayaZombieAttackCleanup;MayaRagdollBodyCleanup;MayaPhysicsAssetReview;MayaAnimationTakeCleanupReview	/Game/UrbanZombie4/Mesh/Separated/SK_UrbanZombie4_Body.SK_UrbanZombie4_Body	verify_maya_character_cleanup_slice_pass.py plus verify_character_promotion_validation_unreal.py	cleanup_contract_ready
Boss warden	BossWarden	ABossZombieActor::GetMesh	boss reveal pose; phase montage sections; hit reaction takes; cinematic root motion review; ragdoll body setup	MayaCharacterCleanupRuntimeContract;MayaBossMontageCleanup;MayaCinematicRevealCleanup;MayaPhysicsAssetReview;MayaAnimationTakeCleanupReview	/Game/UrbanZombie4/Mesh/Separated/SK_UrbanZombie4_Body.SK_UrbanZombie4_Body	verify_maya_character_cleanup_slice_pass.py plus verify_boss_reveal_presentation_slice_pass.py plus verify_boss_phase_telegraph_slice_pass.py	cleanup_contract_ready
DCC cleanup review bay	SpawnUnrealSystemsCharacterWorldLayer	DccHub	bind pose, skeleton names, sockets, animation takes, LOD/material budget, physics asset, FBX export, and promotion evidence stations	MayaCharacterCleanup;MayaCleanupRecipeBoard;MayaRetargetRoundtripReview;MayaPromotionEvidenceReady;DccRetargetValidationQueue	runtime review blocks	verify_maya_character_cleanup_slice_pass.py plus packaged smoke	cleanup_contract_visible
Foot grounding review bay	SpawnUnrealSystemsCharacterWorldLayer	DccHub	foot plant traces, pelvis offset review, Control Rig foot contact, retarget pose cleanup, and first-person arms exclusion	FootIKGroundingReview;FootGroundingRuntimeContract;ControlRigFootContactReady;PelvisOffsetReview;FootGroundingExcluded_FirstPersonArms	runtime review block	verify_ik_foot_grounding_review_slice_pass.py plus verify_maya_character_cleanup_slice_pass.py	foot_grounding_contract_visible
