rank	recommendation	status	boundary	evidence	next_review_step
21	Build a second-cycle recommendation ledger and evidence dashboard	implemented	local_repo	Content/CodeRescueData/nohuman_next20_round2_recommendations.tsv; Saved/Release/nohuman_next20_round2_evidence_latest.json	Review this manifest beside the first no-human next-20 pass before staging.
22	Summarize package, release, and QA artifacts in one dashboard	implemented	local_machine	Scripts/generate_nohuman_next20_round2_evidence.py; Saved/Release/release_manifest_latest.json	Refresh after every package or QA run.
23	Add artifact freshness and missing-artifact scoring	implemented	local_machine	Saved/Release/nohuman_next20_round2_evidence_latest.json	Use stale or missing artifacts as the next local QA queue.
24	Add input mapping conflict and coverage audit	implemented	local_repo	Config/DefaultInput.ini; Content/CodeRescueData/control_remap_manifest.tsv; Saved/Release/nohuman_next20_round2_evidence_latest.json	Resolve intentional key overlaps during the future arbitrary remap refactor.
25	Add curriculum progression coverage audit	implemented	local_repo	Content/CodeRescueData/curriculum_database.json; Saved/Release/nohuman_next20_round2_evidence_latest.json	Use language/concept/difficulty gaps to prioritize authoring.
26	Add localization source completeness audit	implemented	local_repo	Content/CodeRescueData/localization_source.tsv; Saved/Release/nohuman_next20_round2_evidence_latest.json	Export translated strings only after blank and duplicate source keys stay at zero.
27	Add screenshot readability metrics	implemented	local_machine	Saved/VisualRegression/visual_regression_manifest_latest.json; Saved/Release/nohuman_next20_round2_evidence_latest.json	Re-run after every visual capture set and inspect low-luma screenshots.
28	Add support bundle completeness checks	implemented	local_machine	Scripts/create_support_bundle.py; Saved/SupportBundles	Open the latest bundle and verify support recipients have the new round-two artifacts.
29	Add release manifest schema guard	implemented	local_machine	Scripts/verify_next20_round2_nohuman_improvement_pass.py; Scripts/generate_release_manifest.py	Keep round-two evidence referenced by release manifests.
30	Add data-manifest inventory for review breadth	implemented	local_repo	Content/CodeRescueData; Saved/Release/nohuman_next20_round2_evidence_latest.json	Use the inventory to spot empty, duplicate, or orphaned manifests.
31	Add source-control slice classifier for a dirty worktree	implemented	local_repo	Saved/Release/nohuman_next20_round2_evidence_latest.json; Documentation/SOURCE_CONTROL_HANDOFF_2026-06-18.md	Stage future commits by generated slice counts rather than by memory.
32	Add QA log freshness and warning summary	implemented	local_machine	Saved/Logs; Saved/Release/nohuman_next20_round2_evidence_latest.json	Review any unexpected warning or old log before calling a build current.
33	Add package and content trend baseline	implemented	local_machine	Saved/Release/release_manifest_latest.json; Saved/Release/nohuman_next20_round2_evidence_latest.json	Compare app size and key artifact timestamps across release candidates.
34	Cross-check accessibility settings manifests against implementation evidence	implemented	local_repo	Content/CodeRescueData/accessibility_settings_manifest.tsv; Source/CodeRescueUnreal; Saved/Release/nohuman_next20_round2_evidence_latest.json	Use human observation later to confirm each visible effect.
35	Add difficulty and onboarding matrix summary	implemented	local_repo	Content/CodeRescueData/difficulty_presets.tsv; Content/CodeRescueData/first_ten_minutes_onboarding.tsv; Saved/Release/nohuman_next20_round2_evidence_latest.json	Use the matrix as the script for per-preset playthrough notes.
36	Add save-schema field inventory to compatibility review	implemented	local_repo	Source/CodeRescueUnreal/CodeRescueSaveGame.h; Saved/Release/nohuman_next20_round2_evidence_latest.json	When new save fields land, confirm defaults and migration notes before packaging.
37	Add radio and content coverage dashboard	implemented	local_repo	Content/CodeRescueData/radio_briefings.tsv; Saved/AudioAudit/maple_audio_audit_latest.json; Saved/Release/nohuman_next20_round2_evidence_latest.json	Use uncovered voice/content rows to guide the next approved audio pass.
38	Expose asset-budget evidence in the second-cycle dashboard	implemented	local_machine	Content/CodeRescueData/asset_budget_limits.tsv; Scripts/verify_asset_budget_pass.py; Saved/Release/nohuman_next20_round2_evidence_latest.json	Investigate largest assets before adding new marketplace packs.
39	Keep human subjective approval as an explicit charter	manual_boundary	physical_human	Documentation/QA_PLAYTEST_CHECKLIST.md; Documentation/NOHUMAN_NEXT20_ROUND2_IMPROVEMENT_PASS_2026-06-24.md	Run the first-ten-minutes and per-difficulty playthrough with real players.
40	Keep signing, notarization, and hosted-release credentials explicit	credential_boundary	external_credentials	Documentation/SIGNING_NOTARIZATION_RUNBOOK_2026-06-18.md; Documentation/DEMO_READINESS_ROADMAP_2026-06-18.md	Complete Developer ID signing, notarization, and hosted Mac CI only after credentials are supplied.
