gate_id	category	automated_check	evidence_path	blocks_release_without_human	notes
package_integrity	packaging	python3 Scripts/verify_package_integrity_pass.py	Saved/Release/package_integrity_latest.json	yes	Verifies app bundle plist, executable, cooked pak/ucas/utoc files, package size, and local code-signature state.
maple_audio_technical	audio	python3 Scripts/audit_maple_audio_assets.py	Saved/AudioAudit/maple_audio_audit_latest.json	yes	Verifies all 230 expected Maple female-voice WAVs and SoundWave assets exist with sane sample rate, channel count, duration, and signal level.
release_manifest	release_evidence	python3 Scripts/generate_release_manifest.py	Saved/Release/release_manifest_latest.json	yes	Collects package, log, verifier, Maple, package-integrity, audio-audit, visual-regression, and git-status evidence.
support_bundle	release_evidence	python3 Scripts/create_support_bundle.py	Saved/SupportBundles/	yes	Packages current manifests, logs, screenshots, data manifests, and review docs for handoff.
nonhuman_readiness	qa	python3 Scripts/verify_nonhuman_release_readiness_pass.py	Saved/Release/package_integrity_latest.json	yes	Asserts the non-human readiness scripts, manifests, docs, and latest generated evidence agree.
external_demo_preflight	distribution	python3 Scripts/verify_external_demo_preflight_slice_pass.py	Content/CodeRescueData/external_demo_preflight_manifest.tsv	yes	Maps local-ready package, release-manifest, smoke, support-bundle, and credential-bound Developer ID certificate, Team ID, and notary credentials gates before external review.
local_ci_readiness	qa	./Run_Local_CI_Readiness.command	Saved/Logs/HeadlessFullQASmoke.log	yes	Runs compile, full QA, package, packaged smokes, log contracts, release evidence, and support-bundle creation.
signing_credentials	distribution	python3 Scripts/verify_package_integrity_pass.py --strict-distribution	Saved/Release/package_integrity_latest.json	no	Strict distribution mode remains blocked until final bundle ID, Developer ID certificate, Team ID, and notary credentials are available.
physical_human_playtest	human_qa	Documentation/QA_PLAYTEST_CHECKLIST.md	Content/CodeRescueData/human_qa_signoff_checklist.tsv	no	Explicitly excluded from this continuation pass; still required before external sharing as subjective sign-off.
