rank	slug	city	difficulty	encounter_intensity	active_ai_budget	visual_budget	profile_command
1	new_york_ny	New York	1	1.00	bounded_by_MaxActiveAIZombiesPerCity	streamed_city_actors_registered_for_cleanup	Run_Performance_Profile.command
2	los_angeles_ca	Los Angeles	1	1.01	bounded_by_MaxActiveAIZombiesPerCity	streamed_city_actors_registered_for_cleanup	Run_Performance_Profile.command
3	chicago_il	Chicago	1	1.02	bounded_by_MaxActiveAIZombiesPerCity	streamed_city_actors_registered_for_cleanup	Run_Performance_Profile.command
4	houston_tx	Houston	1	1.04	bounded_by_MaxActiveAIZombiesPerCity	streamed_city_actors_registered_for_cleanup	Run_Performance_Profile.command
5	phoenix_az	Phoenix	1	0.98	bounded_by_MaxActiveAIZombiesPerCity	streamed_city_actors_registered_for_cleanup	Run_Performance_Profile.command
6	philadelphia_pa	Philadelphia	1	1.00	bounded_by_MaxActiveAIZombiesPerCity	streamed_city_actors_registered_for_cleanup	Run_Performance_Profile.command
7	san_antonio_tx	San Antonio	1	1.01	bounded_by_MaxActiveAIZombiesPerCity	streamed_city_actors_registered_for_cleanup	Run_Performance_Profile.command
8	san_diego_ca	San Diego	1	1.02	bounded_by_MaxActiveAIZombiesPerCity	streamed_city_actors_registered_for_cleanup	Run_Performance_Profile.command
9	dallas_tx	Dallas	1	1.04	bounded_by_MaxActiveAIZombiesPerCity	streamed_city_actors_registered_for_cleanup	Run_Performance_Profile.command
10	jacksonville_fl	Jacksonville	1	0.98	bounded_by_MaxActiveAIZombiesPerCity	streamed_city_actors_registered_for_cleanup	Run_Performance_Profile.command
11	fort_worth_tx	Fort Worth	1	1.00	bounded_by_MaxActiveAIZombiesPerCity	streamed_city_actors_registered_for_cleanup	Run_Performance_Profile.command
12	san_jose_ca	San Jose	1	1.01	bounded_by_MaxActiveAIZombiesPerCity	streamed_city_actors_registered_for_cleanup	Run_Performance_Profile.command
13	austin_tx	Austin	1	1.02	bounded_by_MaxActiveAIZombiesPerCity	streamed_city_actors_registered_for_cleanup	Run_Performance_Profile.command
14	charlotte_nc	Charlotte	1	1.04	bounded_by_MaxActiveAIZombiesPerCity	streamed_city_actors_registered_for_cleanup	Run_Performance_Profile.command
15	columbus_oh	Columbus	1	0.98	bounded_by_MaxActiveAIZombiesPerCity	streamed_city_actors_registered_for_cleanup	Run_Performance_Profile.command
16	indianapolis_in	Indianapolis	1	1.00	bounded_by_MaxActiveAIZombiesPerCity	streamed_city_actors_registered_for_cleanup	Run_Performance_Profile.command
17	san_francisco_ca	San Francisco	1	1.01	bounded_by_MaxActiveAIZombiesPerCity	streamed_city_actors_registered_for_cleanup	Run_Performance_Profile.command
18	seattle_wa	Seattle	1	1.02	bounded_by_MaxActiveAIZombiesPerCity	streamed_city_actors_registered_for_cleanup	Run_Performance_Profile.command
19	denver_co	Denver	1	1.04	bounded_by_MaxActiveAIZombiesPerCity	streamed_city_actors_registered_for_cleanup	Run_Performance_Profile.command
20	oklahoma_city_ok	Oklahoma City	1	0.98	bounded_by_MaxActiveAIZombiesPerCity	streamed_city_actors_registered_for_cleanup	Run_Performance_Profile.command
21	nashville_davidson_tn	Nashville-Davidson	1	1.00	bounded_by_MaxActiveAIZombiesPerCity	streamed_city_actors_registered_for_cleanup	Run_Performance_Profile.command
22	washington_dc	Washington	1	1.01	bounded_by_MaxActiveAIZombiesPerCity	streamed_city_actors_registered_for_cleanup	Run_Performance_Profile.command
23	el_paso_tx	El Paso	1	1.02	bounded_by_MaxActiveAIZombiesPerCity	streamed_city_actors_registered_for_cleanup	Run_Performance_Profile.command
24	las_vegas_nv	Las Vegas	1	1.04	bounded_by_MaxActiveAIZombiesPerCity	streamed_city_actors_registered_for_cleanup	Run_Performance_Profile.command
25	boston_ma	Boston	1	0.98	bounded_by_MaxActiveAIZombiesPerCity	streamed_city_actors_registered_for_cleanup	Run_Performance_Profile.command
26	detroit_mi	Detroit	1	1.00	bounded_by_MaxActiveAIZombiesPerCity	streamed_city_actors_registered_for_cleanup	Run_Performance_Profile.command
27	louisville_jefferson_county_ky	Louisville/Jefferson County	1	1.01	bounded_by_MaxActiveAIZombiesPerCity	streamed_city_actors_registered_for_cleanup	Run_Performance_Profile.command
28	portland_or	Portland	1	1.06	bounded_by_MaxActiveAIZombiesPerCity	streamed_city_actors_registered_for_cleanup	Run_Performance_Profile.command
29	memphis_tn	Memphis	1	1.12	bounded_by_MaxActiveAIZombiesPerCity	streamed_city_actors_registered_for_cleanup	Run_Performance_Profile.command
30	baltimore_md	Baltimore	1	0.98	bounded_by_MaxActiveAIZombiesPerCity	streamed_city_actors_registered_for_cleanup	Run_Performance_Profile.command
31	milwaukee_wi	Milwaukee	1	1.00	bounded_by_MaxActiveAIZombiesPerCity	streamed_city_actors_registered_for_cleanup	Run_Performance_Profile.command
32	albuquerque_nm	Albuquerque	1	1.01	bounded_by_MaxActiveAIZombiesPerCity	streamed_city_actors_registered_for_cleanup	Run_Performance_Profile.command
33	tucson_az	Tucson	1	1.06	bounded_by_MaxActiveAIZombiesPerCity	streamed_city_actors_registered_for_cleanup	Run_Performance_Profile.command
34	fresno_ca	Fresno	1	1.12	bounded_by_MaxActiveAIZombiesPerCity	streamed_city_actors_registered_for_cleanup	Run_Performance_Profile.command
35	sacramento_ca	Sacramento	1	0.98	bounded_by_MaxActiveAIZombiesPerCity	streamed_city_actors_registered_for_cleanup	Run_Performance_Profile.command
36	atlanta_ga	Atlanta	1	1.00	bounded_by_MaxActiveAIZombiesPerCity	streamed_city_actors_registered_for_cleanup	Run_Performance_Profile.command
37	mesa_az	Mesa	1	1.01	bounded_by_MaxActiveAIZombiesPerCity	streamed_city_actors_registered_for_cleanup	Run_Performance_Profile.command
38	kansas_city_mo	Kansas City	1	1.06	bounded_by_MaxActiveAIZombiesPerCity	streamed_city_actors_registered_for_cleanup	Run_Performance_Profile.command
39	raleigh_nc	Raleigh	1	1.12	bounded_by_MaxActiveAIZombiesPerCity	streamed_city_actors_registered_for_cleanup	Run_Performance_Profile.command
40	colorado_springs_co	Colorado Springs	1	0.98	bounded_by_MaxActiveAIZombiesPerCity	streamed_city_actors_registered_for_cleanup	Run_Performance_Profile.command
41	omaha_ne	Omaha	1	1.00	bounded_by_MaxActiveAIZombiesPerCity	streamed_city_actors_registered_for_cleanup	Run_Performance_Profile.command
42	miami_fl	Miami	1	1.01	bounded_by_MaxActiveAIZombiesPerCity	streamed_city_actors_registered_for_cleanup	Run_Performance_Profile.command
43	virginia_beach_va	Virginia Beach	1	1.06	bounded_by_MaxActiveAIZombiesPerCity	streamed_city_actors_registered_for_cleanup	Run_Performance_Profile.command
44	long_beach_ca	Long Beach	1	1.12	bounded_by_MaxActiveAIZombiesPerCity	streamed_city_actors_registered_for_cleanup	Run_Performance_Profile.command
45	oakland_ca	Oakland	1	0.98	bounded_by_MaxActiveAIZombiesPerCity	streamed_city_actors_registered_for_cleanup	Run_Performance_Profile.command
46	minneapolis_mn	Minneapolis	1	1.00	bounded_by_MaxActiveAIZombiesPerCity	streamed_city_actors_registered_for_cleanup	Run_Performance_Profile.command
47	bakersfield_ca	Bakersfield	1	1.01	bounded_by_MaxActiveAIZombiesPerCity	streamed_city_actors_registered_for_cleanup	Run_Performance_Profile.command
48	tulsa_ok	Tulsa	1	1.06	bounded_by_MaxActiveAIZombiesPerCity	streamed_city_actors_registered_for_cleanup	Run_Performance_Profile.command
49	tampa_fl	Tampa	1	1.12	bounded_by_MaxActiveAIZombiesPerCity	streamed_city_actors_registered_for_cleanup	Run_Performance_Profile.command
50	arlington_tx	Arlington	1	0.98	bounded_by_MaxActiveAIZombiesPerCity	streamed_city_actors_registered_for_cleanup	Run_Performance_Profile.command
51	aurora_co	Aurora	1	1.00	bounded_by_MaxActiveAIZombiesPerCity	streamed_city_actors_registered_for_cleanup	Run_Performance_Profile.command
52	wichita_ks	Wichita	1	1.01	bounded_by_MaxActiveAIZombiesPerCity	streamed_city_actors_registered_for_cleanup	Run_Performance_Profile.command
53	cleveland_oh	Cleveland	1	1.06	bounded_by_MaxActiveAIZombiesPerCity	streamed_city_actors_registered_for_cleanup	Run_Performance_Profile.command
54	new_orleans_la	New Orleans	1	1.12	bounded_by_MaxActiveAIZombiesPerCity	streamed_city_actors_registered_for_cleanup	Run_Performance_Profile.command
55	henderson_nv	Henderson	1	0.98	bounded_by_MaxActiveAIZombiesPerCity	streamed_city_actors_registered_for_cleanup	Run_Performance_Profile.command
56	urban_honolulu_hi	Urban Honolulu	1	1.00	bounded_by_MaxActiveAIZombiesPerCity	streamed_city_actors_registered_for_cleanup	Run_Performance_Profile.command
57	anaheim_ca	Anaheim	1	1.01	bounded_by_MaxActiveAIZombiesPerCity	streamed_city_actors_registered_for_cleanup	Run_Performance_Profile.command
58	orlando_fl	Orlando	1	1.06	bounded_by_MaxActiveAIZombiesPerCity	streamed_city_actors_registered_for_cleanup	Run_Performance_Profile.command
59	lexington_fayette_ky	Lexington-Fayette	1	1.12	bounded_by_MaxActiveAIZombiesPerCity	streamed_city_actors_registered_for_cleanup	Run_Performance_Profile.command
60	stockton_ca	Stockton	1	0.98	bounded_by_MaxActiveAIZombiesPerCity	streamed_city_actors_registered_for_cleanup	Run_Performance_Profile.command
61	riverside_ca	Riverside	1	1.00	bounded_by_MaxActiveAIZombiesPerCity	streamed_city_actors_registered_for_cleanup	Run_Performance_Profile.command
62	irvine_ca	Irvine	1	1.01	bounded_by_MaxActiveAIZombiesPerCity	streamed_city_actors_registered_for_cleanup	Run_Performance_Profile.command
63	corpus_christi_tx	Corpus Christi	1	1.06	bounded_by_MaxActiveAIZombiesPerCity	streamed_city_actors_registered_for_cleanup	Run_Performance_Profile.command
64	newark_nj	Newark	1	1.12	bounded_by_MaxActiveAIZombiesPerCity	streamed_city_actors_registered_for_cleanup	Run_Performance_Profile.command
65	santa_ana_ca	Santa Ana	1	0.98	bounded_by_MaxActiveAIZombiesPerCity	streamed_city_actors_registered_for_cleanup	Run_Performance_Profile.command
66	cincinnati_oh	Cincinnati	1	1.00	bounded_by_MaxActiveAIZombiesPerCity	streamed_city_actors_registered_for_cleanup	Run_Performance_Profile.command
67	pittsburgh_pa	Pittsburgh	1	1.01	bounded_by_MaxActiveAIZombiesPerCity	streamed_city_actors_registered_for_cleanup	Run_Performance_Profile.command
68	st_paul_mn	St. Paul	1	1.06	bounded_by_MaxActiveAIZombiesPerCity	streamed_city_actors_registered_for_cleanup	Run_Performance_Profile.command
69	greensboro_nc	Greensboro	1	1.12	bounded_by_MaxActiveAIZombiesPerCity	streamed_city_actors_registered_for_cleanup	Run_Performance_Profile.command
70	jersey_city_nj	Jersey City	1	0.98	bounded_by_MaxActiveAIZombiesPerCity	streamed_city_actors_registered_for_cleanup	Run_Performance_Profile.command
71	durham_nc	Durham	2	1.12	bounded_by_MaxActiveAIZombiesPerCity	streamed_city_actors_registered_for_cleanup	Run_Performance_Profile.command
72	lincoln_ne	Lincoln	2	1.14	bounded_by_MaxActiveAIZombiesPerCity	streamed_city_actors_registered_for_cleanup	Run_Performance_Profile.command
73	north_las_vegas_nv	North Las Vegas	2	1.19	bounded_by_MaxActiveAIZombiesPerCity	streamed_city_actors_registered_for_cleanup	Run_Performance_Profile.command
74	plano_tx	Plano	2	1.25	bounded_by_MaxActiveAIZombiesPerCity	streamed_city_actors_registered_for_cleanup	Run_Performance_Profile.command
75	anchorage_ak	Anchorage	2	1.11	bounded_by_MaxActiveAIZombiesPerCity	streamed_city_actors_registered_for_cleanup	Run_Performance_Profile.command
76	gilbert_az	Gilbert	2	1.12	bounded_by_MaxActiveAIZombiesPerCity	streamed_city_actors_registered_for_cleanup	Run_Performance_Profile.command
77	madison_wi	Madison	2	1.14	bounded_by_MaxActiveAIZombiesPerCity	streamed_city_actors_registered_for_cleanup	Run_Performance_Profile.command
78	reno_nv	Reno	2	1.19	bounded_by_MaxActiveAIZombiesPerCity	streamed_city_actors_registered_for_cleanup	Run_Performance_Profile.command
79	chandler_az	Chandler	2	1.25	bounded_by_MaxActiveAIZombiesPerCity	streamed_city_actors_registered_for_cleanup	Run_Performance_Profile.command
80	st_louis_mo	St. Louis	2	1.11	bounded_by_MaxActiveAIZombiesPerCity	streamed_city_actors_registered_for_cleanup	Run_Performance_Profile.command
81	chula_vista_ca	Chula Vista	2	1.12	bounded_by_MaxActiveAIZombiesPerCity	streamed_city_actors_registered_for_cleanup	Run_Performance_Profile.command
82	buffalo_ny	Buffalo	2	1.14	bounded_by_MaxActiveAIZombiesPerCity	streamed_city_actors_registered_for_cleanup	Run_Performance_Profile.command
83	fort_wayne_in	Fort Wayne	2	1.19	bounded_by_MaxActiveAIZombiesPerCity	streamed_city_actors_registered_for_cleanup	Run_Performance_Profile.command
84	lubbock_tx	Lubbock	2	1.25	bounded_by_MaxActiveAIZombiesPerCity	streamed_city_actors_registered_for_cleanup	Run_Performance_Profile.command
85	st_petersburg_fl	St. Petersburg	2	1.11	bounded_by_MaxActiveAIZombiesPerCity	streamed_city_actors_registered_for_cleanup	Run_Performance_Profile.command
86	toledo_oh	Toledo	2	1.16	bounded_by_MaxActiveAIZombiesPerCity	streamed_city_actors_registered_for_cleanup	Run_Performance_Profile.command
87	laredo_tx	Laredo	2	1.22	bounded_by_MaxActiveAIZombiesPerCity	streamed_city_actors_registered_for_cleanup	Run_Performance_Profile.command
88	port_st_lucie_fl	Port St. Lucie	2	1.21	bounded_by_MaxActiveAIZombiesPerCity	streamed_city_actors_registered_for_cleanup	Run_Performance_Profile.command
89	glendale_az	Glendale	2	1.23	bounded_by_MaxActiveAIZombiesPerCity	streamed_city_actors_registered_for_cleanup	Run_Performance_Profile.command
90	irving_tx	Irving	2	1.11	bounded_by_MaxActiveAIZombiesPerCity	streamed_city_actors_registered_for_cleanup	Run_Performance_Profile.command
91	winston_salem_nc	Winston-Salem	2	1.16	bounded_by_MaxActiveAIZombiesPerCity	streamed_city_actors_registered_for_cleanup	Run_Performance_Profile.command
92	chesapeake_va	Chesapeake	2	1.22	bounded_by_MaxActiveAIZombiesPerCity	streamed_city_actors_registered_for_cleanup	Run_Performance_Profile.command
93	garland_tx	Garland	2	1.21	bounded_by_MaxActiveAIZombiesPerCity	streamed_city_actors_registered_for_cleanup	Run_Performance_Profile.command
94	scottsdale_az	Scottsdale	2	1.23	bounded_by_MaxActiveAIZombiesPerCity	streamed_city_actors_registered_for_cleanup	Run_Performance_Profile.command
95	boise_city_id	Boise City	2	1.11	bounded_by_MaxActiveAIZombiesPerCity	streamed_city_actors_registered_for_cleanup	Run_Performance_Profile.command
96	hialeah_fl	Hialeah	2	1.16	bounded_by_MaxActiveAIZombiesPerCity	streamed_city_actors_registered_for_cleanup	Run_Performance_Profile.command
97	frisco_tx	Frisco	2	1.22	bounded_by_MaxActiveAIZombiesPerCity	streamed_city_actors_registered_for_cleanup	Run_Performance_Profile.command
98	richmond_va	Richmond	2	1.21	bounded_by_MaxActiveAIZombiesPerCity	streamed_city_actors_registered_for_cleanup	Run_Performance_Profile.command
99	cape_coral_fl	Cape Coral	2	1.23	bounded_by_MaxActiveAIZombiesPerCity	streamed_city_actors_registered_for_cleanup	Run_Performance_Profile.command
100	norfolk_va	Norfolk	2	1.11	bounded_by_MaxActiveAIZombiesPerCity	streamed_city_actors_registered_for_cleanup	Run_Performance_Profile.command
101	spokane_wa	Spokane	2	1.16	bounded_by_MaxActiveAIZombiesPerCity	streamed_city_actors_registered_for_cleanup	Run_Performance_Profile.command
102	huntsville_al	Huntsville	2	1.22	bounded_by_MaxActiveAIZombiesPerCity	streamed_city_actors_registered_for_cleanup	Run_Performance_Profile.command
103	santa_clarita_ca	Santa Clarita	2	1.21	bounded_by_MaxActiveAIZombiesPerCity	streamed_city_actors_registered_for_cleanup	Run_Performance_Profile.command
104	tacoma_wa	Tacoma	2	1.23	bounded_by_MaxActiveAIZombiesPerCity	streamed_city_actors_registered_for_cleanup	Run_Performance_Profile.command
105	fremont_ca	Fremont	2	1.11	bounded_by_MaxActiveAIZombiesPerCity	streamed_city_actors_registered_for_cleanup	Run_Performance_Profile.command
106	mckinney_tx	McKinney	2	1.16	bounded_by_MaxActiveAIZombiesPerCity	streamed_city_actors_registered_for_cleanup	Run_Performance_Profile.command
107	san_bernardino_ca	San Bernardino	2	1.22	bounded_by_MaxActiveAIZombiesPerCity	streamed_city_actors_registered_for_cleanup	Run_Performance_Profile.command
108	baton_rouge_la	Baton Rouge	2	1.21	bounded_by_MaxActiveAIZombiesPerCity	streamed_city_actors_registered_for_cleanup	Run_Performance_Profile.command
109	modesto_ca	Modesto	2	1.23	bounded_by_MaxActiveAIZombiesPerCity	streamed_city_actors_registered_for_cleanup	Run_Performance_Profile.command
110	fontana_ca	Fontana	2	1.11	bounded_by_MaxActiveAIZombiesPerCity	streamed_city_actors_registered_for_cleanup	Run_Performance_Profile.command
111	salt_lake_city_ut	Salt Lake City	2	1.16	bounded_by_MaxActiveAIZombiesPerCity	streamed_city_actors_registered_for_cleanup	Run_Performance_Profile.command
112	moreno_valley_ca	Moreno Valley	2	1.22	bounded_by_MaxActiveAIZombiesPerCity	streamed_city_actors_registered_for_cleanup	Run_Performance_Profile.command
113	des_moines_ia	Des Moines	2	1.21	bounded_by_MaxActiveAIZombiesPerCity	streamed_city_actors_registered_for_cleanup	Run_Performance_Profile.command
114	worcester_ma	Worcester	2	1.23	bounded_by_MaxActiveAIZombiesPerCity	streamed_city_actors_registered_for_cleanup	Run_Performance_Profile.command
115	yonkers_ny	Yonkers	2	1.11	bounded_by_MaxActiveAIZombiesPerCity	streamed_city_actors_registered_for_cleanup	Run_Performance_Profile.command
116	fayetteville_nc	Fayetteville	2	1.16	bounded_by_MaxActiveAIZombiesPerCity	streamed_city_actors_registered_for_cleanup	Run_Performance_Profile.command
117	sioux_falls_sd	Sioux Falls	2	1.22	bounded_by_MaxActiveAIZombiesPerCity	streamed_city_actors_registered_for_cleanup	Run_Performance_Profile.command
118	grand_prairie_tx	Grand Prairie	2	1.21	bounded_by_MaxActiveAIZombiesPerCity	streamed_city_actors_registered_for_cleanup	Run_Performance_Profile.command
119	rochester_ny	Rochester	2	1.23	bounded_by_MaxActiveAIZombiesPerCity	streamed_city_actors_registered_for_cleanup	Run_Performance_Profile.command
120	tallahassee_fl	Tallahassee	2	1.11	bounded_by_MaxActiveAIZombiesPerCity	streamed_city_actors_registered_for_cleanup	Run_Performance_Profile.command
121	little_rock_ar	Little Rock	2	1.16	bounded_by_MaxActiveAIZombiesPerCity	streamed_city_actors_registered_for_cleanup	Run_Performance_Profile.command
122	amarillo_tx	Amarillo	2	1.22	bounded_by_MaxActiveAIZombiesPerCity	streamed_city_actors_registered_for_cleanup	Run_Performance_Profile.command
123	overland_park_ks	Overland Park	2	1.21	bounded_by_MaxActiveAIZombiesPerCity	streamed_city_actors_registered_for_cleanup	Run_Performance_Profile.command
124	columbus_ga	Columbus	2	1.23	bounded_by_MaxActiveAIZombiesPerCity	streamed_city_actors_registered_for_cleanup	Run_Performance_Profile.command
125	augusta_richmond_county_ga	Augusta-Richmond County	2	1.11	bounded_by_MaxActiveAIZombiesPerCity	streamed_city_actors_registered_for_cleanup	Run_Performance_Profile.command
126	mobile_al	Mobile	2	1.16	bounded_by_MaxActiveAIZombiesPerCity	streamed_city_actors_registered_for_cleanup	Run_Performance_Profile.command
127	oxnard_ca	Oxnard	2	1.22	bounded_by_MaxActiveAIZombiesPerCity	streamed_city_actors_registered_for_cleanup	Run_Performance_Profile.command
128	grand_rapids_mi	Grand Rapids	2	1.21	bounded_by_MaxActiveAIZombiesPerCity	streamed_city_actors_registered_for_cleanup	Run_Performance_Profile.command
129	peoria_az	Peoria	2	1.23	bounded_by_MaxActiveAIZombiesPerCity	streamed_city_actors_registered_for_cleanup	Run_Performance_Profile.command
130	vancouver_wa	Vancouver	2	1.11	bounded_by_MaxActiveAIZombiesPerCity	streamed_city_actors_registered_for_cleanup	Run_Performance_Profile.command
131	knoxville_tn	Knoxville	2	1.16	bounded_by_MaxActiveAIZombiesPerCity	streamed_city_actors_registered_for_cleanup	Run_Performance_Profile.command
132	birmingham_al	Birmingham	2	1.22	bounded_by_MaxActiveAIZombiesPerCity	streamed_city_actors_registered_for_cleanup	Run_Performance_Profile.command
133	montgomery_al	Montgomery	2	1.21	bounded_by_MaxActiveAIZombiesPerCity	streamed_city_actors_registered_for_cleanup	Run_Performance_Profile.command
134	providence_ri	Providence	2	1.23	bounded_by_MaxActiveAIZombiesPerCity	streamed_city_actors_registered_for_cleanup	Run_Performance_Profile.command
135	huntington_beach_ca	Huntington Beach	2	1.11	bounded_by_MaxActiveAIZombiesPerCity	streamed_city_actors_registered_for_cleanup	Run_Performance_Profile.command
136	brownsville_tx	Brownsville	2	1.16	bounded_by_MaxActiveAIZombiesPerCity	streamed_city_actors_registered_for_cleanup	Run_Performance_Profile.command
137	chattanooga_tn	Chattanooga	2	1.22	bounded_by_MaxActiveAIZombiesPerCity	streamed_city_actors_registered_for_cleanup	Run_Performance_Profile.command
138	fort_lauderdale_fl	Fort Lauderdale	2	1.21	bounded_by_MaxActiveAIZombiesPerCity	streamed_city_actors_registered_for_cleanup	Run_Performance_Profile.command
139	tempe_az	Tempe	2	1.23	bounded_by_MaxActiveAIZombiesPerCity	streamed_city_actors_registered_for_cleanup	Run_Performance_Profile.command
140	akron_oh	Akron	2	1.11	bounded_by_MaxActiveAIZombiesPerCity	streamed_city_actors_registered_for_cleanup	Run_Performance_Profile.command
141	glendale_ca	Glendale	3	1.29	bounded_by_MaxActiveAIZombiesPerCity	streamed_city_actors_registered_for_cleanup	Run_Performance_Profile.command
142	clarksville_tn	Clarksville	3	1.35	bounded_by_MaxActiveAIZombiesPerCity	streamed_city_actors_registered_for_cleanup	Run_Performance_Profile.command
143	ontario_ca	Ontario	3	1.34	bounded_by_MaxActiveAIZombiesPerCity	streamed_city_actors_registered_for_cleanup	Run_Performance_Profile.command
144	newport_news_va	Newport News	3	1.36	bounded_by_MaxActiveAIZombiesPerCity	streamed_city_actors_registered_for_cleanup	Run_Performance_Profile.command
145	elk_grove_ca	Elk Grove	3	1.24	bounded_by_MaxActiveAIZombiesPerCity	streamed_city_actors_registered_for_cleanup	Run_Performance_Profile.command
146	cary_nc	Cary	3	1.29	bounded_by_MaxActiveAIZombiesPerCity	streamed_city_actors_registered_for_cleanup	Run_Performance_Profile.command
147	aurora_il	Aurora	3	1.35	bounded_by_MaxActiveAIZombiesPerCity	streamed_city_actors_registered_for_cleanup	Run_Performance_Profile.command
148	salem_or	Salem	3	1.34	bounded_by_MaxActiveAIZombiesPerCity	streamed_city_actors_registered_for_cleanup	Run_Performance_Profile.command
149	pembroke_pines_fl	Pembroke Pines	3	1.36	bounded_by_MaxActiveAIZombiesPerCity	streamed_city_actors_registered_for_cleanup	Run_Performance_Profile.command
150	eugene_or	Eugene	3	1.24	bounded_by_MaxActiveAIZombiesPerCity	streamed_city_actors_registered_for_cleanup	Run_Performance_Profile.command
151	santa_rosa_ca	Santa Rosa	3	1.29	bounded_by_MaxActiveAIZombiesPerCity	streamed_city_actors_registered_for_cleanup	Run_Performance_Profile.command
152	rancho_cucamonga_ca	Rancho Cucamonga	3	1.35	bounded_by_MaxActiveAIZombiesPerCity	streamed_city_actors_registered_for_cleanup	Run_Performance_Profile.command
153	shreveport_la	Shreveport	3	1.34	bounded_by_MaxActiveAIZombiesPerCity	streamed_city_actors_registered_for_cleanup	Run_Performance_Profile.command
154	garden_grove_ca	Garden Grove	3	1.36	bounded_by_MaxActiveAIZombiesPerCity	streamed_city_actors_registered_for_cleanup	Run_Performance_Profile.command
155	oceanside_ca	Oceanside	3	1.24	bounded_by_MaxActiveAIZombiesPerCity	streamed_city_actors_registered_for_cleanup	Run_Performance_Profile.command
156	fort_collins_co	Fort Collins	3	1.29	bounded_by_MaxActiveAIZombiesPerCity	streamed_city_actors_registered_for_cleanup	Run_Performance_Profile.command
157	springfield_mo	Springfield	3	1.35	bounded_by_MaxActiveAIZombiesPerCity	streamed_city_actors_registered_for_cleanup	Run_Performance_Profile.command
158	murfreesboro_tn	Murfreesboro	3	1.34	bounded_by_MaxActiveAIZombiesPerCity	streamed_city_actors_registered_for_cleanup	Run_Performance_Profile.command
159	surprise_az	Surprise	3	1.36	bounded_by_MaxActiveAIZombiesPerCity	streamed_city_actors_registered_for_cleanup	Run_Performance_Profile.command
160	lancaster_ca	Lancaster	3	1.24	bounded_by_MaxActiveAIZombiesPerCity	streamed_city_actors_registered_for_cleanup	Run_Performance_Profile.command
161	denton_tx	Denton	3	1.29	bounded_by_MaxActiveAIZombiesPerCity	streamed_city_actors_registered_for_cleanup	Run_Performance_Profile.command
162	roseville_ca	Roseville	3	1.35	bounded_by_MaxActiveAIZombiesPerCity	streamed_city_actors_registered_for_cleanup	Run_Performance_Profile.command
163	palmdale_ca	Palmdale	3	1.34	bounded_by_MaxActiveAIZombiesPerCity	streamed_city_actors_registered_for_cleanup	Run_Performance_Profile.command
164	corona_ca	Corona	3	1.36	bounded_by_MaxActiveAIZombiesPerCity	streamed_city_actors_registered_for_cleanup	Run_Performance_Profile.command
165	salinas_ca	Salinas	3	1.24	bounded_by_MaxActiveAIZombiesPerCity	streamed_city_actors_registered_for_cleanup	Run_Performance_Profile.command
166	killeen_tx	Killeen	3	1.29	bounded_by_MaxActiveAIZombiesPerCity	streamed_city_actors_registered_for_cleanup	Run_Performance_Profile.command
167	paterson_nj	Paterson	3	1.35	bounded_by_MaxActiveAIZombiesPerCity	streamed_city_actors_registered_for_cleanup	Run_Performance_Profile.command
168	alexandria_va	Alexandria	3	1.34	bounded_by_MaxActiveAIZombiesPerCity	streamed_city_actors_registered_for_cleanup	Run_Performance_Profile.command
169	hollywood_fl	Hollywood	3	1.36	bounded_by_MaxActiveAIZombiesPerCity	streamed_city_actors_registered_for_cleanup	Run_Performance_Profile.command
170	hayward_ca	Hayward	3	1.24	bounded_by_MaxActiveAIZombiesPerCity	streamed_city_actors_registered_for_cleanup	Run_Performance_Profile.command
171	charleston_sc	Charleston	3	1.29	bounded_by_MaxActiveAIZombiesPerCity	streamed_city_actors_registered_for_cleanup	Run_Performance_Profile.command
172	macon_bibb_county_ga	Macon-Bibb County	3	1.35	bounded_by_MaxActiveAIZombiesPerCity	streamed_city_actors_registered_for_cleanup	Run_Performance_Profile.command
173	lakewood_co	Lakewood	3	1.34	bounded_by_MaxActiveAIZombiesPerCity	streamed_city_actors_registered_for_cleanup	Run_Performance_Profile.command
174	sunnyvale_ca	Sunnyvale	3	1.36	bounded_by_MaxActiveAIZombiesPerCity	streamed_city_actors_registered_for_cleanup	Run_Performance_Profile.command
175	kansas_city_ks	Kansas City	3	1.30	bounded_by_MaxActiveAIZombiesPerCity	streamed_city_actors_registered_for_cleanup	Run_Performance_Profile.command
176	springfield_ma	Springfield	3	1.35	bounded_by_MaxActiveAIZombiesPerCity	streamed_city_actors_registered_for_cleanup	Run_Performance_Profile.command
177	bellevue_wa	Bellevue	3	1.31	bounded_by_MaxActiveAIZombiesPerCity	streamed_city_actors_registered_for_cleanup	Run_Performance_Profile.command
178	naperville_il	Naperville	3	1.38	bounded_by_MaxActiveAIZombiesPerCity	streamed_city_actors_registered_for_cleanup	Run_Performance_Profile.command
179	joliet_il	Joliet	3	1.38	bounded_by_MaxActiveAIZombiesPerCity	streamed_city_actors_registered_for_cleanup	Run_Performance_Profile.command
180	bridgeport_ct	Bridgeport	3	1.30	bounded_by_MaxActiveAIZombiesPerCity	streamed_city_actors_registered_for_cleanup	Run_Performance_Profile.command
181	mesquite_tx	Mesquite	3	1.35	bounded_by_MaxActiveAIZombiesPerCity	streamed_city_actors_registered_for_cleanup	Run_Performance_Profile.command
182	pasadena_tx	Pasadena	3	1.31	bounded_by_MaxActiveAIZombiesPerCity	streamed_city_actors_registered_for_cleanup	Run_Performance_Profile.command
183	olathe_ks	Olathe	3	1.38	bounded_by_MaxActiveAIZombiesPerCity	streamed_city_actors_registered_for_cleanup	Run_Performance_Profile.command
184	escondido_ca	Escondido	3	1.38	bounded_by_MaxActiveAIZombiesPerCity	streamed_city_actors_registered_for_cleanup	Run_Performance_Profile.command
185	savannah_ga	Savannah	3	1.30	bounded_by_MaxActiveAIZombiesPerCity	streamed_city_actors_registered_for_cleanup	Run_Performance_Profile.command
186	mcallen_tx	McAllen	3	1.35	bounded_by_MaxActiveAIZombiesPerCity	streamed_city_actors_registered_for_cleanup	Run_Performance_Profile.command
187	gainesville_fl	Gainesville	3	1.31	bounded_by_MaxActiveAIZombiesPerCity	streamed_city_actors_registered_for_cleanup	Run_Performance_Profile.command
188	pomona_ca	Pomona	3	1.38	bounded_by_MaxActiveAIZombiesPerCity	streamed_city_actors_registered_for_cleanup	Run_Performance_Profile.command
189	rockford_il	Rockford	3	1.38	bounded_by_MaxActiveAIZombiesPerCity	streamed_city_actors_registered_for_cleanup	Run_Performance_Profile.command
190	thornton_co	Thornton	3	1.30	bounded_by_MaxActiveAIZombiesPerCity	streamed_city_actors_registered_for_cleanup	Run_Performance_Profile.command
191	waco_tx	Waco	3	1.35	bounded_by_MaxActiveAIZombiesPerCity	streamed_city_actors_registered_for_cleanup	Run_Performance_Profile.command
192	visalia_ca	Visalia	3	1.31	bounded_by_MaxActiveAIZombiesPerCity	streamed_city_actors_registered_for_cleanup	Run_Performance_Profile.command
193	syracuse_ny	Syracuse	3	1.38	bounded_by_MaxActiveAIZombiesPerCity	streamed_city_actors_registered_for_cleanup	Run_Performance_Profile.command
194	columbia_sc	Columbia	3	1.38	bounded_by_MaxActiveAIZombiesPerCity	streamed_city_actors_registered_for_cleanup	Run_Performance_Profile.command
195	midland_tx	Midland	3	1.30	bounded_by_MaxActiveAIZombiesPerCity	streamed_city_actors_registered_for_cleanup	Run_Performance_Profile.command
196	miramar_fl	Miramar	3	1.35	bounded_by_MaxActiveAIZombiesPerCity	streamed_city_actors_registered_for_cleanup	Run_Performance_Profile.command
197	palm_bay_fl	Palm Bay	3	1.31	bounded_by_MaxActiveAIZombiesPerCity	streamed_city_actors_registered_for_cleanup	Run_Performance_Profile.command
198	jackson_ms	Jackson	3	1.38	bounded_by_MaxActiveAIZombiesPerCity	streamed_city_actors_registered_for_cleanup	Run_Performance_Profile.command
199	coral_springs_fl	Coral Springs	3	1.38	bounded_by_MaxActiveAIZombiesPerCity	streamed_city_actors_registered_for_cleanup	Run_Performance_Profile.command
200	victorville_ca	Victorville	3	1.30	bounded_by_MaxActiveAIZombiesPerCity	streamed_city_actors_registered_for_cleanup	Run_Performance_Profile.command
201	elizabeth_nj	Elizabeth	3	1.35	bounded_by_MaxActiveAIZombiesPerCity	streamed_city_actors_registered_for_cleanup	Run_Performance_Profile.command
202	fullerton_ca	Fullerton	3	1.31	bounded_by_MaxActiveAIZombiesPerCity	streamed_city_actors_registered_for_cleanup	Run_Performance_Profile.command
203	meridian_id	Meridian	3	1.38	bounded_by_MaxActiveAIZombiesPerCity	streamed_city_actors_registered_for_cleanup	Run_Performance_Profile.command
204	torrance_ca	Torrance	3	1.38	bounded_by_MaxActiveAIZombiesPerCity	streamed_city_actors_registered_for_cleanup	Run_Performance_Profile.command
205	stamford_ct	Stamford	3	1.30	bounded_by_MaxActiveAIZombiesPerCity	streamed_city_actors_registered_for_cleanup	Run_Performance_Profile.command
206	west_valley_city_ut	West Valley City	3	1.35	bounded_by_MaxActiveAIZombiesPerCity	streamed_city_actors_registered_for_cleanup	Run_Performance_Profile.command
207	orange_ca	Orange	3	1.31	bounded_by_MaxActiveAIZombiesPerCity	streamed_city_actors_registered_for_cleanup	Run_Performance_Profile.command
208	cedar_rapids_ia	Cedar Rapids	3	1.38	bounded_by_MaxActiveAIZombiesPerCity	streamed_city_actors_registered_for_cleanup	Run_Performance_Profile.command
209	warren_mi	Warren	3	1.38	bounded_by_MaxActiveAIZombiesPerCity	streamed_city_actors_registered_for_cleanup	Run_Performance_Profile.command
210	hampton_va	Hampton	3	1.30	bounded_by_MaxActiveAIZombiesPerCity	streamed_city_actors_registered_for_cleanup	Run_Performance_Profile.command
211	new_haven_ct	New Haven	4	1.48	bounded_by_MaxActiveAIZombiesPerCity	streamed_city_actors_registered_for_cleanup	Run_Performance_Profile.command
212	pasadena_ca	Pasadena	4	1.44	bounded_by_MaxActiveAIZombiesPerCity	streamed_city_actors_registered_for_cleanup	Run_Performance_Profile.command
213	kent_wa	Kent	4	1.51	bounded_by_MaxActiveAIZombiesPerCity	streamed_city_actors_registered_for_cleanup	Run_Performance_Profile.command
214	dayton_oh	Dayton	4	1.51	bounded_by_MaxActiveAIZombiesPerCity	streamed_city_actors_registered_for_cleanup	Run_Performance_Profile.command
215	fargo_nd	Fargo	4	1.43	bounded_by_MaxActiveAIZombiesPerCity	streamed_city_actors_registered_for_cleanup	Run_Performance_Profile.command
216	lewisville_tx	Lewisville	4	1.48	bounded_by_MaxActiveAIZombiesPerCity	streamed_city_actors_registered_for_cleanup	Run_Performance_Profile.command
217	carrollton_tx	Carrollton	4	1.44	bounded_by_MaxActiveAIZombiesPerCity	streamed_city_actors_registered_for_cleanup	Run_Performance_Profile.command
218	round_rock_tx	Round Rock	4	1.51	bounded_by_MaxActiveAIZombiesPerCity	streamed_city_actors_registered_for_cleanup	Run_Performance_Profile.command
219	sterling_heights_mi	Sterling Heights	4	1.51	bounded_by_MaxActiveAIZombiesPerCity	streamed_city_actors_registered_for_cleanup	Run_Performance_Profile.command
220	santa_clara_ca	Santa Clara	4	1.43	bounded_by_MaxActiveAIZombiesPerCity	streamed_city_actors_registered_for_cleanup	Run_Performance_Profile.command
221	norman_ok	Norman	4	1.48	bounded_by_MaxActiveAIZombiesPerCity	streamed_city_actors_registered_for_cleanup	Run_Performance_Profile.command
222	columbia_mo	Columbia	4	1.44	bounded_by_MaxActiveAIZombiesPerCity	streamed_city_actors_registered_for_cleanup	Run_Performance_Profile.command
223	abilene_tx	Abilene	4	1.51	bounded_by_MaxActiveAIZombiesPerCity	streamed_city_actors_registered_for_cleanup	Run_Performance_Profile.command
224	pearland_tx	Pearland	4	1.51	bounded_by_MaxActiveAIZombiesPerCity	streamed_city_actors_registered_for_cleanup	Run_Performance_Profile.command
225	athens_clarke_county_ga	Athens-Clarke County	4	1.43	bounded_by_MaxActiveAIZombiesPerCity	streamed_city_actors_registered_for_cleanup	Run_Performance_Profile.command
226	college_station_tx	College Station	4	1.48	bounded_by_MaxActiveAIZombiesPerCity	streamed_city_actors_registered_for_cleanup	Run_Performance_Profile.command
227	clovis_ca	Clovis	4	1.44	bounded_by_MaxActiveAIZombiesPerCity	streamed_city_actors_registered_for_cleanup	Run_Performance_Profile.command
228	west_palm_beach_fl	West Palm Beach	4	1.51	bounded_by_MaxActiveAIZombiesPerCity	streamed_city_actors_registered_for_cleanup	Run_Performance_Profile.command
229	allentown_pa	Allentown	4	1.51	bounded_by_MaxActiveAIZombiesPerCity	streamed_city_actors_registered_for_cleanup	Run_Performance_Profile.command
230	north_charleston_sc	North Charleston	4	1.43	bounded_by_MaxActiveAIZombiesPerCity	streamed_city_actors_registered_for_cleanup	Run_Performance_Profile.command
231	simi_valley_ca	Simi Valley	4	1.48	bounded_by_MaxActiveAIZombiesPerCity	streamed_city_actors_registered_for_cleanup	Run_Performance_Profile.command
232	topeka_ks	Topeka	4	1.44	bounded_by_MaxActiveAIZombiesPerCity	streamed_city_actors_registered_for_cleanup	Run_Performance_Profile.command
233	wilmington_nc	Wilmington	4	1.51	bounded_by_MaxActiveAIZombiesPerCity	streamed_city_actors_registered_for_cleanup	Run_Performance_Profile.command
234	lakeland_fl	Lakeland	4	1.51	bounded_by_MaxActiveAIZombiesPerCity	streamed_city_actors_registered_for_cleanup	Run_Performance_Profile.command
235	thousand_oaks_ca	Thousand Oaks	4	1.43	bounded_by_MaxActiveAIZombiesPerCity	streamed_city_actors_registered_for_cleanup	Run_Performance_Profile.command
236	concord_ca	Concord	4	1.48	bounded_by_MaxActiveAIZombiesPerCity	streamed_city_actors_registered_for_cleanup	Run_Performance_Profile.command
237	rochester_mn	Rochester	4	1.44	bounded_by_MaxActiveAIZombiesPerCity	streamed_city_actors_registered_for_cleanup	Run_Performance_Profile.command
238	vallejo_ca	Vallejo	4	1.51	bounded_by_MaxActiveAIZombiesPerCity	streamed_city_actors_registered_for_cleanup	Run_Performance_Profile.command
239	ann_arbor_mi	Ann Arbor	4	1.51	bounded_by_MaxActiveAIZombiesPerCity	streamed_city_actors_registered_for_cleanup	Run_Performance_Profile.command
240	broken_arrow_ok	Broken Arrow	4	1.43	bounded_by_MaxActiveAIZombiesPerCity	streamed_city_actors_registered_for_cleanup	Run_Performance_Profile.command
241	fairfield_ca	Fairfield	4	1.48	bounded_by_MaxActiveAIZombiesPerCity	streamed_city_actors_registered_for_cleanup	Run_Performance_Profile.command
242	lafayette_la	Lafayette	4	1.44	bounded_by_MaxActiveAIZombiesPerCity	streamed_city_actors_registered_for_cleanup	Run_Performance_Profile.command
243	hartford_ct	Hartford	4	1.51	bounded_by_MaxActiveAIZombiesPerCity	streamed_city_actors_registered_for_cleanup	Run_Performance_Profile.command
244	arvada_co	Arvada	4	1.51	bounded_by_MaxActiveAIZombiesPerCity	streamed_city_actors_registered_for_cleanup	Run_Performance_Profile.command
245	berkeley_ca	Berkeley	4	1.43	bounded_by_MaxActiveAIZombiesPerCity	streamed_city_actors_registered_for_cleanup	Run_Performance_Profile.command
246	independence_mo	Independence	4	1.48	bounded_by_MaxActiveAIZombiesPerCity	streamed_city_actors_registered_for_cleanup	Run_Performance_Profile.command
247	billings_mt	Billings	4	1.44	bounded_by_MaxActiveAIZombiesPerCity	streamed_city_actors_registered_for_cleanup	Run_Performance_Profile.command
248	cambridge_ma	Cambridge	4	1.51	bounded_by_MaxActiveAIZombiesPerCity	streamed_city_actors_registered_for_cleanup	Run_Performance_Profile.command
249	lowell_ma	Lowell	4	1.51	bounded_by_MaxActiveAIZombiesPerCity	streamed_city_actors_registered_for_cleanup	Run_Performance_Profile.command
250	odessa_tx	Odessa	4	1.43	bounded_by_MaxActiveAIZombiesPerCity	streamed_city_actors_registered_for_cleanup	Run_Performance_Profile.command
251	high_point_nc	High Point	4	1.48	bounded_by_MaxActiveAIZombiesPerCity	streamed_city_actors_registered_for_cleanup	Run_Performance_Profile.command
252	league_city_tx	League City	4	1.44	bounded_by_MaxActiveAIZombiesPerCity	streamed_city_actors_registered_for_cleanup	Run_Performance_Profile.command
253	antioch_ca	Antioch	4	1.51	bounded_by_MaxActiveAIZombiesPerCity	streamed_city_actors_registered_for_cleanup	Run_Performance_Profile.command
254	richardson_tx	Richardson	4	1.51	bounded_by_MaxActiveAIZombiesPerCity	streamed_city_actors_registered_for_cleanup	Run_Performance_Profile.command
255	goodyear_az	Goodyear	4	1.43	bounded_by_MaxActiveAIZombiesPerCity	streamed_city_actors_registered_for_cleanup	Run_Performance_Profile.command
256	pompano_beach_fl	Pompano Beach	4	1.48	bounded_by_MaxActiveAIZombiesPerCity	streamed_city_actors_registered_for_cleanup	Run_Performance_Profile.command
257	nampa_id	Nampa	4	1.44	bounded_by_MaxActiveAIZombiesPerCity	streamed_city_actors_registered_for_cleanup	Run_Performance_Profile.command
258	menifee_ca	Menifee	4	1.51	bounded_by_MaxActiveAIZombiesPerCity	streamed_city_actors_registered_for_cleanup	Run_Performance_Profile.command
259	las_cruces_nm	Las Cruces	4	1.51	bounded_by_MaxActiveAIZombiesPerCity	streamed_city_actors_registered_for_cleanup	Run_Performance_Profile.command
260	clearwater_fl	Clearwater	4	1.43	bounded_by_MaxActiveAIZombiesPerCity	streamed_city_actors_registered_for_cleanup	Run_Performance_Profile.command
261	west_jordan_ut	West Jordan	4	1.48	bounded_by_MaxActiveAIZombiesPerCity	streamed_city_actors_registered_for_cleanup	Run_Performance_Profile.command
262	new_braunfels_tx	New Braunfels	4	1.44	bounded_by_MaxActiveAIZombiesPerCity	streamed_city_actors_registered_for_cleanup	Run_Performance_Profile.command
263	manchester_nh	Manchester	4	1.51	bounded_by_MaxActiveAIZombiesPerCity	streamed_city_actors_registered_for_cleanup	Run_Performance_Profile.command
264	miami_gardens_fl	Miami Gardens	4	1.51	bounded_by_MaxActiveAIZombiesPerCity	streamed_city_actors_registered_for_cleanup	Run_Performance_Profile.command
265	waterbury_ct	Waterbury	4	1.43	bounded_by_MaxActiveAIZombiesPerCity	streamed_city_actors_registered_for_cleanup	Run_Performance_Profile.command
266	provo_ut	Provo	4	1.48	bounded_by_MaxActiveAIZombiesPerCity	streamed_city_actors_registered_for_cleanup	Run_Performance_Profile.command
267	evansville_in	Evansville	4	1.44	bounded_by_MaxActiveAIZombiesPerCity	streamed_city_actors_registered_for_cleanup	Run_Performance_Profile.command
268	richmond_ca	Richmond	4	1.51	bounded_by_MaxActiveAIZombiesPerCity	streamed_city_actors_registered_for_cleanup	Run_Performance_Profile.command
269	westminster_co	Westminster	4	1.51	bounded_by_MaxActiveAIZombiesPerCity	streamed_city_actors_registered_for_cleanup	Run_Performance_Profile.command
270	elgin_il	Elgin	4	1.43	bounded_by_MaxActiveAIZombiesPerCity	streamed_city_actors_registered_for_cleanup	Run_Performance_Profile.command
271	conroe_tx	Conroe	4	1.48	bounded_by_MaxActiveAIZombiesPerCity	streamed_city_actors_registered_for_cleanup	Run_Performance_Profile.command
272	greeley_co	Greeley	4	1.44	bounded_by_MaxActiveAIZombiesPerCity	streamed_city_actors_registered_for_cleanup	Run_Performance_Profile.command
273	lansing_mi	Lansing	4	1.51	bounded_by_MaxActiveAIZombiesPerCity	streamed_city_actors_registered_for_cleanup	Run_Performance_Profile.command
274	buckeye_az	Buckeye	4	1.51	bounded_by_MaxActiveAIZombiesPerCity	streamed_city_actors_registered_for_cleanup	Run_Performance_Profile.command
275	tuscaloosa_al	Tuscaloosa	4	1.43	bounded_by_MaxActiveAIZombiesPerCity	streamed_city_actors_registered_for_cleanup	Run_Performance_Profile.command
276	allen_tx	Allen	4	1.48	bounded_by_MaxActiveAIZombiesPerCity	streamed_city_actors_registered_for_cleanup	Run_Performance_Profile.command
277	carlsbad_ca	Carlsbad	4	1.44	bounded_by_MaxActiveAIZombiesPerCity	streamed_city_actors_registered_for_cleanup	Run_Performance_Profile.command
278	everett_wa	Everett	4	1.51	bounded_by_MaxActiveAIZombiesPerCity	streamed_city_actors_registered_for_cleanup	Run_Performance_Profile.command
279	springfield_il	Springfield	4	1.51	bounded_by_MaxActiveAIZombiesPerCity	streamed_city_actors_registered_for_cleanup	Run_Performance_Profile.command
280	beaumont_tx	Beaumont	4	1.43	bounded_by_MaxActiveAIZombiesPerCity	streamed_city_actors_registered_for_cleanup	Run_Performance_Profile.command
281	murrieta_ca	Murrieta	5	1.61	bounded_by_MaxActiveAIZombiesPerCity	streamed_city_actors_registered_for_cleanup	Run_Performance_Profile.command
282	rio_rancho_nm	Rio Rancho	5	1.57	bounded_by_MaxActiveAIZombiesPerCity	streamed_city_actors_registered_for_cleanup	Run_Performance_Profile.command
283	temecula_ca	Temecula	5	1.64	bounded_by_MaxActiveAIZombiesPerCity	streamed_city_actors_registered_for_cleanup	Run_Performance_Profile.command
284	concord_nc	Concord	5	1.64	bounded_by_MaxActiveAIZombiesPerCity	streamed_city_actors_registered_for_cleanup	Run_Performance_Profile.command
285	tyler_tx	Tyler	5	1.56	bounded_by_MaxActiveAIZombiesPerCity	streamed_city_actors_registered_for_cleanup	Run_Performance_Profile.command
286	davie_fl	Davie	5	1.61	bounded_by_MaxActiveAIZombiesPerCity	streamed_city_actors_registered_for_cleanup	Run_Performance_Profile.command
287	south_fulton_ga	South Fulton	5	1.57	bounded_by_MaxActiveAIZombiesPerCity	streamed_city_actors_registered_for_cleanup	Run_Performance_Profile.command
288	peoria_il	Peoria	5	1.64	bounded_by_MaxActiveAIZombiesPerCity	streamed_city_actors_registered_for_cleanup	Run_Performance_Profile.command
289	sparks_nv	Sparks	5	1.64	bounded_by_MaxActiveAIZombiesPerCity	streamed_city_actors_registered_for_cleanup	Run_Performance_Profile.command
290	gresham_or	Gresham	5	1.56	bounded_by_MaxActiveAIZombiesPerCity	streamed_city_actors_registered_for_cleanup	Run_Performance_Profile.command
291	santa_maria_ca	Santa Maria	5	1.61	bounded_by_MaxActiveAIZombiesPerCity	streamed_city_actors_registered_for_cleanup	Run_Performance_Profile.command
292	pueblo_co	Pueblo	5	1.57	bounded_by_MaxActiveAIZombiesPerCity	streamed_city_actors_registered_for_cleanup	Run_Performance_Profile.command
293	hillsboro_or	Hillsboro	5	1.64	bounded_by_MaxActiveAIZombiesPerCity	streamed_city_actors_registered_for_cleanup	Run_Performance_Profile.command
294	sugar_land_tx	Sugar Land	5	1.64	bounded_by_MaxActiveAIZombiesPerCity	streamed_city_actors_registered_for_cleanup	Run_Performance_Profile.command
295	san_buenaventura_ventura_ca	San Buenaventura (Ventura)	5	1.59	bounded_by_MaxActiveAIZombiesPerCity	streamed_city_actors_registered_for_cleanup	Run_Performance_Profile.command
296	downey_ca	Downey	5	1.62	bounded_by_MaxActiveAIZombiesPerCity	streamed_city_actors_registered_for_cleanup	Run_Performance_Profile.command
297	costa_mesa_ca	Costa Mesa	5	1.59	bounded_by_MaxActiveAIZombiesPerCity	streamed_city_actors_registered_for_cleanup	Run_Performance_Profile.command
298	centennial_co	Centennial	5	1.62	bounded_by_MaxActiveAIZombiesPerCity	streamed_city_actors_registered_for_cleanup	Run_Performance_Profile.command
299	edinburg_tx	Edinburg	5	1.60	bounded_by_MaxActiveAIZombiesPerCity	streamed_city_actors_registered_for_cleanup	Run_Performance_Profile.command
300	spokane_valley_wa	Spokane Valley	5	1.60	bounded_by_MaxActiveAIZombiesPerCity	streamed_city_actors_registered_for_cleanup	Run_Performance_Profile.command
301	jurupa_valley_ca	Jurupa Valley	5	1.61	bounded_by_MaxActiveAIZombiesPerCity	streamed_city_actors_registered_for_cleanup	Run_Performance_Profile.command
302	bend_or	Bend	5	1.63	bounded_by_MaxActiveAIZombiesPerCity	streamed_city_actors_registered_for_cleanup	Run_Performance_Profile.command
303	west_covina_ca	West Covina	5	1.60	bounded_by_MaxActiveAIZombiesPerCity	streamed_city_actors_registered_for_cleanup	Run_Performance_Profile.command
304	boulder_co	Boulder	5	1.64	bounded_by_MaxActiveAIZombiesPerCity	streamed_city_actors_registered_for_cleanup	Run_Performance_Profile.command
305	palm_coast_fl	Palm Coast	5	1.54	bounded_by_MaxActiveAIZombiesPerCity	streamed_city_actors_registered_for_cleanup	Run_Performance_Profile.command
306	lee_s_summit_mo	Lee's Summit	5	1.62	bounded_by_MaxActiveAIZombiesPerCity	streamed_city_actors_registered_for_cleanup	Run_Performance_Profile.command
307	dearborn_mi	Dearborn	5	1.62	bounded_by_MaxActiveAIZombiesPerCity	streamed_city_actors_registered_for_cleanup	Run_Performance_Profile.command
308	green_bay_wi	Green Bay	5	1.64	bounded_by_MaxActiveAIZombiesPerCity	streamed_city_actors_registered_for_cleanup	Run_Performance_Profile.command
309	st_george_ut	St. George	5	1.62	bounded_by_MaxActiveAIZombiesPerCity	streamed_city_actors_registered_for_cleanup	Run_Performance_Profile.command
310	brockton_ma	Brockton	5	1.58	bounded_by_MaxActiveAIZombiesPerCity	streamed_city_actors_registered_for_cleanup	Run_Performance_Profile.command
311	renton_wa	Renton	5	1.55	bounded_by_MaxActiveAIZombiesPerCity	streamed_city_actors_registered_for_cleanup	Run_Performance_Profile.command
312	sandy_springs_ga	Sandy Springs	5	1.63	bounded_by_MaxActiveAIZombiesPerCity	streamed_city_actors_registered_for_cleanup	Run_Performance_Profile.command
313	rialto_ca	Rialto	5	1.63	bounded_by_MaxActiveAIZombiesPerCity	streamed_city_actors_registered_for_cleanup	Run_Performance_Profile.command
314	el_monte_ca	El Monte	5	1.66	bounded_by_MaxActiveAIZombiesPerCity	streamed_city_actors_registered_for_cleanup	Run_Performance_Profile.command
315	vacaville_ca	Vacaville	5	1.56	bounded_by_MaxActiveAIZombiesPerCity	streamed_city_actors_registered_for_cleanup	Run_Performance_Profile.command
316	fishers_in	Fishers	5	1.60	bounded_by_MaxActiveAIZombiesPerCity	streamed_city_actors_registered_for_cleanup	Run_Performance_Profile.command
317	south_bend_in	South Bend	5	1.57	bounded_by_MaxActiveAIZombiesPerCity	streamed_city_actors_registered_for_cleanup	Run_Performance_Profile.command
318	carmel_in	Carmel	5	1.64	bounded_by_MaxActiveAIZombiesPerCity	streamed_city_actors_registered_for_cleanup	Run_Performance_Profile.command
319	yuma_az	Yuma	5	1.65	bounded_by_MaxActiveAIZombiesPerCity	streamed_city_actors_registered_for_cleanup	Run_Performance_Profile.command
320	burbank_ca	Burbank	5	1.60	bounded_by_MaxActiveAIZombiesPerCity	streamed_city_actors_registered_for_cleanup	Run_Performance_Profile.command
321	lynn_ma	Lynn	5	1.57	bounded_by_MaxActiveAIZombiesPerCity	streamed_city_actors_registered_for_cleanup	Run_Performance_Profile.command
322	quincy_ma	Quincy	5	1.61	bounded_by_MaxActiveAIZombiesPerCity	streamed_city_actors_registered_for_cleanup	Run_Performance_Profile.command
323	el_cajon_ca	El Cajon	5	1.58	bounded_by_MaxActiveAIZombiesPerCity	streamed_city_actors_registered_for_cleanup	Run_Performance_Profile.command
324	fayetteville_ar	Fayetteville	5	1.66	bounded_by_MaxActiveAIZombiesPerCity	streamed_city_actors_registered_for_cleanup	Run_Performance_Profile.command
325	suffolk_va	Suffolk	5	1.59	bounded_by_MaxActiveAIZombiesPerCity	streamed_city_actors_registered_for_cleanup	Run_Performance_Profile.command
326	san_mateo_ca	San Mateo	5	1.62	bounded_by_MaxActiveAIZombiesPerCity	streamed_city_actors_registered_for_cleanup	Run_Performance_Profile.command
327	chico_ca	Chico	5	1.59	bounded_by_MaxActiveAIZombiesPerCity	streamed_city_actors_registered_for_cleanup	Run_Performance_Profile.command
328	inglewood_ca	Inglewood	5	1.62	bounded_by_MaxActiveAIZombiesPerCity	streamed_city_actors_registered_for_cleanup	Run_Performance_Profile.command
329	wichita_falls_tx	Wichita Falls	5	1.60	bounded_by_MaxActiveAIZombiesPerCity	streamed_city_actors_registered_for_cleanup	Run_Performance_Profile.command
330	boca_raton_fl	Boca Raton	5	1.60	bounded_by_MaxActiveAIZombiesPerCity	streamed_city_actors_registered_for_cleanup	Run_Performance_Profile.command
331	hesperia_ca	Hesperia	5	1.61	bounded_by_MaxActiveAIZombiesPerCity	streamed_city_actors_registered_for_cleanup	Run_Performance_Profile.command
332	daly_city_ca	Daly City	5	1.63	bounded_by_MaxActiveAIZombiesPerCity	streamed_city_actors_registered_for_cleanup	Run_Performance_Profile.command
333	georgetown_tx	Georgetown	5	1.60	bounded_by_MaxActiveAIZombiesPerCity	streamed_city_actors_registered_for_cleanup	Run_Performance_Profile.command
334	new_bedford_ma	New Bedford	5	1.64	bounded_by_MaxActiveAIZombiesPerCity	streamed_city_actors_registered_for_cleanup	Run_Performance_Profile.command
335	albany_ny	Albany	5	1.54	bounded_by_MaxActiveAIZombiesPerCity	streamed_city_actors_registered_for_cleanup	Run_Performance_Profile.command
336	davenport_ia	Davenport	5	1.62	bounded_by_MaxActiveAIZombiesPerCity	streamed_city_actors_registered_for_cleanup	Run_Performance_Profile.command
337	plantation_fl	Plantation	5	1.62	bounded_by_MaxActiveAIZombiesPerCity	streamed_city_actors_registered_for_cleanup	Run_Performance_Profile.command
338	deltona_fl	Deltona	5	1.64	bounded_by_MaxActiveAIZombiesPerCity	streamed_city_actors_registered_for_cleanup	Run_Performance_Profile.command
339	federal_way_wa	Federal Way	5	1.62	bounded_by_MaxActiveAIZombiesPerCity	streamed_city_actors_registered_for_cleanup	Run_Performance_Profile.command
340	san_angelo_tx	San Angelo	5	1.58	bounded_by_MaxActiveAIZombiesPerCity	streamed_city_actors_registered_for_cleanup	Run_Performance_Profile.command
341	tracy_ca	Tracy	5	1.55	bounded_by_MaxActiveAIZombiesPerCity	streamed_city_actors_registered_for_cleanup	Run_Performance_Profile.command
342	sunrise_fl	Sunrise	5	1.63	bounded_by_MaxActiveAIZombiesPerCity	streamed_city_actors_registered_for_cleanup	Run_Performance_Profile.command
343	tokyo_jp	Tokyo	5	1.63	bounded_by_MaxActiveAIZombiesPerCity	streamed_city_actors_registered_for_cleanup	Run_Performance_Profile.command
344	delhi_in	Delhi	5	1.66	bounded_by_MaxActiveAIZombiesPerCity	streamed_city_actors_registered_for_cleanup	Run_Performance_Profile.command
345	shanghai_cn	Shanghai	5	1.56	bounded_by_MaxActiveAIZombiesPerCity	streamed_city_actors_registered_for_cleanup	Run_Performance_Profile.command
346	sao_paulo_br	Sao Paulo	5	1.60	bounded_by_MaxActiveAIZombiesPerCity	streamed_city_actors_registered_for_cleanup	Run_Performance_Profile.command
347	mexico_city_mx	Mexico City	5	1.57	bounded_by_MaxActiveAIZombiesPerCity	streamed_city_actors_registered_for_cleanup	Run_Performance_Profile.command
348	cairo_eg	Cairo	5	1.64	bounded_by_MaxActiveAIZombiesPerCity	streamed_city_actors_registered_for_cleanup	Run_Performance_Profile.command
349	mumbai_in	Mumbai	5	1.65	bounded_by_MaxActiveAIZombiesPerCity	streamed_city_actors_registered_for_cleanup	Run_Performance_Profile.command
350	beijing_cn	Beijing	5	1.60	bounded_by_MaxActiveAIZombiesPerCity	streamed_city_actors_registered_for_cleanup	Run_Performance_Profile.command
351	dhaka_bd	Dhaka	5	1.57	bounded_by_MaxActiveAIZombiesPerCity	streamed_city_actors_registered_for_cleanup	Run_Performance_Profile.command
352	osaka_jp	Osaka	5	1.61	bounded_by_MaxActiveAIZombiesPerCity	streamed_city_actors_registered_for_cleanup	Run_Performance_Profile.command
353	karachi_pk	Karachi	5	1.58	bounded_by_MaxActiveAIZombiesPerCity	streamed_city_actors_registered_for_cleanup	Run_Performance_Profile.command
354	buenos_aires_ar	Buenos Aires	5	1.66	bounded_by_MaxActiveAIZombiesPerCity	streamed_city_actors_registered_for_cleanup	Run_Performance_Profile.command
355	istanbul_tr	Istanbul	5	1.59	bounded_by_MaxActiveAIZombiesPerCity	streamed_city_actors_registered_for_cleanup	Run_Performance_Profile.command
356	kolkata_in	Kolkata	5	1.62	bounded_by_MaxActiveAIZombiesPerCity	streamed_city_actors_registered_for_cleanup	Run_Performance_Profile.command
357	manila_ph	Manila	5	1.59	bounded_by_MaxActiveAIZombiesPerCity	streamed_city_actors_registered_for_cleanup	Run_Performance_Profile.command
358	lagos_ng	Lagos	5	1.62	bounded_by_MaxActiveAIZombiesPerCity	streamed_city_actors_registered_for_cleanup	Run_Performance_Profile.command
359	rio_de_janeiro_br	Rio de Janeiro	5	1.60	bounded_by_MaxActiveAIZombiesPerCity	streamed_city_actors_registered_for_cleanup	Run_Performance_Profile.command
360	tianjin_cn	Tianjin	5	1.60	bounded_by_MaxActiveAIZombiesPerCity	streamed_city_actors_registered_for_cleanup	Run_Performance_Profile.command
361	kinshasa_cd	Kinshasa	5	1.61	bounded_by_MaxActiveAIZombiesPerCity	streamed_city_actors_registered_for_cleanup	Run_Performance_Profile.command
362	guangzhou_cn	Guangzhou	5	1.63	bounded_by_MaxActiveAIZombiesPerCity	streamed_city_actors_registered_for_cleanup	Run_Performance_Profile.command
363	shenzhen_cn	Shenzhen	5	1.60	bounded_by_MaxActiveAIZombiesPerCity	streamed_city_actors_registered_for_cleanup	Run_Performance_Profile.command
364	lahore_pk	Lahore	5	1.64	bounded_by_MaxActiveAIZombiesPerCity	streamed_city_actors_registered_for_cleanup	Run_Performance_Profile.command
365	bangalore_in	Bangalore	5	1.54	bounded_by_MaxActiveAIZombiesPerCity	streamed_city_actors_registered_for_cleanup	Run_Performance_Profile.command
366	paris_fr	Paris	5	1.62	bounded_by_MaxActiveAIZombiesPerCity	streamed_city_actors_registered_for_cleanup	Run_Performance_Profile.command
367	bogota_co	Bogota	5	1.62	bounded_by_MaxActiveAIZombiesPerCity	streamed_city_actors_registered_for_cleanup	Run_Performance_Profile.command
368	jakarta_id	Jakarta	5	1.64	bounded_by_MaxActiveAIZombiesPerCity	streamed_city_actors_registered_for_cleanup	Run_Performance_Profile.command
369	chennai_in	Chennai	5	1.62	bounded_by_MaxActiveAIZombiesPerCity	streamed_city_actors_registered_for_cleanup	Run_Performance_Profile.command
370	lima_pe	Lima	5	1.58	bounded_by_MaxActiveAIZombiesPerCity	streamed_city_actors_registered_for_cleanup	Run_Performance_Profile.command
371	bangkok_th	Bangkok	5	1.55	bounded_by_MaxActiveAIZombiesPerCity	streamed_city_actors_registered_for_cleanup	Run_Performance_Profile.command
372	seoul_kr	Seoul	5	1.63	bounded_by_MaxActiveAIZombiesPerCity	streamed_city_actors_registered_for_cleanup	Run_Performance_Profile.command
373	nagoya_jp	Nagoya	5	1.63	bounded_by_MaxActiveAIZombiesPerCity	streamed_city_actors_registered_for_cleanup	Run_Performance_Profile.command
374	hyderabad_in	Hyderabad	5	1.66	bounded_by_MaxActiveAIZombiesPerCity	streamed_city_actors_registered_for_cleanup	Run_Performance_Profile.command
375	london_gb	London	5	1.56	bounded_by_MaxActiveAIZombiesPerCity	streamed_city_actors_registered_for_cleanup	Run_Performance_Profile.command
376	tehran_ir	Tehran	5	1.60	bounded_by_MaxActiveAIZombiesPerCity	streamed_city_actors_registered_for_cleanup	Run_Performance_Profile.command
377	chengdu_cn	Chengdu	5	1.57	bounded_by_MaxActiveAIZombiesPerCity	streamed_city_actors_registered_for_cleanup	Run_Performance_Profile.command
378	nanjing_cn	Nanjing	5	1.64	bounded_by_MaxActiveAIZombiesPerCity	streamed_city_actors_registered_for_cleanup	Run_Performance_Profile.command
379	wuhan_cn	Wuhan	5	1.65	bounded_by_MaxActiveAIZombiesPerCity	streamed_city_actors_registered_for_cleanup	Run_Performance_Profile.command
380	ho_chi_minh_city_vn	Ho Chi Minh City	5	1.60	bounded_by_MaxActiveAIZombiesPerCity	streamed_city_actors_registered_for_cleanup	Run_Performance_Profile.command
381	luanda_ao	Luanda	5	1.57	bounded_by_MaxActiveAIZombiesPerCity	streamed_city_actors_registered_for_cleanup	Run_Performance_Profile.command
382	ahmedabad_in	Ahmedabad	5	1.61	bounded_by_MaxActiveAIZombiesPerCity	streamed_city_actors_registered_for_cleanup	Run_Performance_Profile.command
383	kuala_lumpur_my	Kuala Lumpur	5	1.58	bounded_by_MaxActiveAIZombiesPerCity	streamed_city_actors_registered_for_cleanup	Run_Performance_Profile.command
384	xi_an_cn	Xi'an	5	1.66	bounded_by_MaxActiveAIZombiesPerCity	streamed_city_actors_registered_for_cleanup	Run_Performance_Profile.command
385	hong_kong_hk	Hong Kong	5	1.59	bounded_by_MaxActiveAIZombiesPerCity	streamed_city_actors_registered_for_cleanup	Run_Performance_Profile.command
386	hangzhou_cn	Hangzhou	5	1.62	bounded_by_MaxActiveAIZombiesPerCity	streamed_city_actors_registered_for_cleanup	Run_Performance_Profile.command
387	foshan_cn	Foshan	5	1.59	bounded_by_MaxActiveAIZombiesPerCity	streamed_city_actors_registered_for_cleanup	Run_Performance_Profile.command
388	shenyang_cn	Shenyang	5	1.62	bounded_by_MaxActiveAIZombiesPerCity	streamed_city_actors_registered_for_cleanup	Run_Performance_Profile.command
389	riyadh_sa	Riyadh	5	1.60	bounded_by_MaxActiveAIZombiesPerCity	streamed_city_actors_registered_for_cleanup	Run_Performance_Profile.command
390	baghdad_iq	Baghdad	5	1.60	bounded_by_MaxActiveAIZombiesPerCity	streamed_city_actors_registered_for_cleanup	Run_Performance_Profile.command
391	santiago_cl	Santiago	5	1.61	bounded_by_MaxActiveAIZombiesPerCity	streamed_city_actors_registered_for_cleanup	Run_Performance_Profile.command
392	surat_in	Surat	5	1.63	bounded_by_MaxActiveAIZombiesPerCity	streamed_city_actors_registered_for_cleanup	Run_Performance_Profile.command
393	madrid_es	Madrid	5	1.60	bounded_by_MaxActiveAIZombiesPerCity	streamed_city_actors_registered_for_cleanup	Run_Performance_Profile.command
394	toronto_ca_on	Toronto	5	1.64	bounded_by_MaxActiveAIZombiesPerCity	streamed_city_actors_registered_for_cleanup	Run_Performance_Profile.command
395	belo_horizonte_br	Belo Horizonte	5	1.54	bounded_by_MaxActiveAIZombiesPerCity	streamed_city_actors_registered_for_cleanup	Run_Performance_Profile.command
396	singapore_sg	Singapore	5	1.62	bounded_by_MaxActiveAIZombiesPerCity	streamed_city_actors_registered_for_cleanup	Run_Performance_Profile.command
397	barcelona_es	Barcelona	5	1.62	bounded_by_MaxActiveAIZombiesPerCity	streamed_city_actors_registered_for_cleanup	Run_Performance_Profile.command
398	alexandria_eg	Alexandria	5	1.64	bounded_by_MaxActiveAIZombiesPerCity	streamed_city_actors_registered_for_cleanup	Run_Performance_Profile.command
399	casablanca_ma	Casablanca	5	1.62	bounded_by_MaxActiveAIZombiesPerCity	streamed_city_actors_registered_for_cleanup	Run_Performance_Profile.command
400	melbourne_au	Melbourne	5	1.58	bounded_by_MaxActiveAIZombiesPerCity	streamed_city_actors_registered_for_cleanup	Run_Performance_Profile.command
401	sydney_au	Sydney	5	1.55	bounded_by_MaxActiveAIZombiesPerCity	streamed_city_actors_registered_for_cleanup	Run_Performance_Profile.command
402	berlin_de	Berlin	5	1.63	bounded_by_MaxActiveAIZombiesPerCity	streamed_city_actors_registered_for_cleanup	Run_Performance_Profile.command
403	rome_it	Rome	5	1.63	bounded_by_MaxActiveAIZombiesPerCity	streamed_city_actors_registered_for_cleanup	Run_Performance_Profile.command
404	dubai_ae	Dubai	5	1.66	bounded_by_MaxActiveAIZombiesPerCity	streamed_city_actors_registered_for_cleanup	Run_Performance_Profile.command
405	abu_dhabi_ae	Abu Dhabi	5	1.56	bounded_by_MaxActiveAIZombiesPerCity	streamed_city_actors_registered_for_cleanup	Run_Performance_Profile.command
406	nairobi_ke	Nairobi	5	1.60	bounded_by_MaxActiveAIZombiesPerCity	streamed_city_actors_registered_for_cleanup	Run_Performance_Profile.command
407	johannesburg_za	Johannesburg	5	1.57	bounded_by_MaxActiveAIZombiesPerCity	streamed_city_actors_registered_for_cleanup	Run_Performance_Profile.command
408	cape_town_za	Cape Town	5	1.64	bounded_by_MaxActiveAIZombiesPerCity	streamed_city_actors_registered_for_cleanup	Run_Performance_Profile.command
409	addis_ababa_et	Addis Ababa	5	1.65	bounded_by_MaxActiveAIZombiesPerCity	streamed_city_actors_registered_for_cleanup	Run_Performance_Profile.command
410	dar_es_salaam_tz	Dar es Salaam	5	1.60	bounded_by_MaxActiveAIZombiesPerCity	streamed_city_actors_registered_for_cleanup	Run_Performance_Profile.command
411	accra_gh	Accra	5	1.57	bounded_by_MaxActiveAIZombiesPerCity	streamed_city_actors_registered_for_cleanup	Run_Performance_Profile.command
412	abidjan_ci	Abidjan	5	1.61	bounded_by_MaxActiveAIZombiesPerCity	streamed_city_actors_registered_for_cleanup	Run_Performance_Profile.command
413	algiers_dz	Algiers	5	1.58	bounded_by_MaxActiveAIZombiesPerCity	streamed_city_actors_registered_for_cleanup	Run_Performance_Profile.command
414	tunis_tn	Tunis	5	1.66	bounded_by_MaxActiveAIZombiesPerCity	streamed_city_actors_registered_for_cleanup	Run_Performance_Profile.command
415	rabat_ma	Rabat	5	1.59	bounded_by_MaxActiveAIZombiesPerCity	streamed_city_actors_registered_for_cleanup	Run_Performance_Profile.command
416	montreal_ca_qc	Montreal	5	1.62	bounded_by_MaxActiveAIZombiesPerCity	streamed_city_actors_registered_for_cleanup	Run_Performance_Profile.command
417	vancouver_ca_bc	Vancouver	5	1.59	bounded_by_MaxActiveAIZombiesPerCity	streamed_city_actors_registered_for_cleanup	Run_Performance_Profile.command
418	calgary_ca_ab	Calgary	5	1.62	bounded_by_MaxActiveAIZombiesPerCity	streamed_city_actors_registered_for_cleanup	Run_Performance_Profile.command
419	ottawa_ca_on	Ottawa	5	1.60	bounded_by_MaxActiveAIZombiesPerCity	streamed_city_actors_registered_for_cleanup	Run_Performance_Profile.command
420	havana_cu	Havana	5	1.60	bounded_by_MaxActiveAIZombiesPerCity	streamed_city_actors_registered_for_cleanup	Run_Performance_Profile.command
421	santo_domingo_do	Santo Domingo	5	1.61	bounded_by_MaxActiveAIZombiesPerCity	streamed_city_actors_registered_for_cleanup	Run_Performance_Profile.command
422	guatemala_city_gt	Guatemala City	5	1.63	bounded_by_MaxActiveAIZombiesPerCity	streamed_city_actors_registered_for_cleanup	Run_Performance_Profile.command
423	san_salvador_sv	San Salvador	5	1.60	bounded_by_MaxActiveAIZombiesPerCity	streamed_city_actors_registered_for_cleanup	Run_Performance_Profile.command
424	panama_city_pa	Panama City	5	1.64	bounded_by_MaxActiveAIZombiesPerCity	streamed_city_actors_registered_for_cleanup	Run_Performance_Profile.command
425	quito_ec	Quito	5	1.54	bounded_by_MaxActiveAIZombiesPerCity	streamed_city_actors_registered_for_cleanup	Run_Performance_Profile.command
426	caracas_ve	Caracas	5	1.62	bounded_by_MaxActiveAIZombiesPerCity	streamed_city_actors_registered_for_cleanup	Run_Performance_Profile.command
427	medellin_co	Medellin	5	1.62	bounded_by_MaxActiveAIZombiesPerCity	streamed_city_actors_registered_for_cleanup	Run_Performance_Profile.command
428	montevideo_uy	Montevideo	5	1.64	bounded_by_MaxActiveAIZombiesPerCity	streamed_city_actors_registered_for_cleanup	Run_Performance_Profile.command
429	la_paz_bo	La Paz	5	1.62	bounded_by_MaxActiveAIZombiesPerCity	streamed_city_actors_registered_for_cleanup	Run_Performance_Profile.command
430	asuncion_py	Asuncion	5	1.58	bounded_by_MaxActiveAIZombiesPerCity	streamed_city_actors_registered_for_cleanup	Run_Performance_Profile.command
431	brasilia_br	Brasilia	5	1.55	bounded_by_MaxActiveAIZombiesPerCity	streamed_city_actors_registered_for_cleanup	Run_Performance_Profile.command
432	recife_br	Recife	5	1.63	bounded_by_MaxActiveAIZombiesPerCity	streamed_city_actors_registered_for_cleanup	Run_Performance_Profile.command
433	salvador_br	Salvador	5	1.63	bounded_by_MaxActiveAIZombiesPerCity	streamed_city_actors_registered_for_cleanup	Run_Performance_Profile.command
434	fortaleza_br	Fortaleza	5	1.66	bounded_by_MaxActiveAIZombiesPerCity	streamed_city_actors_registered_for_cleanup	Run_Performance_Profile.command
435	manaus_br	Manaus	5	1.56	bounded_by_MaxActiveAIZombiesPerCity	streamed_city_actors_registered_for_cleanup	Run_Performance_Profile.command
436	curitiba_br	Curitiba	5	1.60	bounded_by_MaxActiveAIZombiesPerCity	streamed_city_actors_registered_for_cleanup	Run_Performance_Profile.command
437	porto_alegre_br	Porto Alegre	5	1.57	bounded_by_MaxActiveAIZombiesPerCity	streamed_city_actors_registered_for_cleanup	Run_Performance_Profile.command
438	yokohama_jp	Yokohama	5	1.64	bounded_by_MaxActiveAIZombiesPerCity	streamed_city_actors_registered_for_cleanup	Run_Performance_Profile.command
439	fukuoka_jp	Fukuoka	5	1.65	bounded_by_MaxActiveAIZombiesPerCity	streamed_city_actors_registered_for_cleanup	Run_Performance_Profile.command
440	sapporo_jp	Sapporo	5	1.60	bounded_by_MaxActiveAIZombiesPerCity	streamed_city_actors_registered_for_cleanup	Run_Performance_Profile.command
441	taipei_tw	Taipei	5	1.57	bounded_by_MaxActiveAIZombiesPerCity	streamed_city_actors_registered_for_cleanup	Run_Performance_Profile.command
442	kaohsiung_tw	Kaohsiung	5	1.61	bounded_by_MaxActiveAIZombiesPerCity	streamed_city_actors_registered_for_cleanup	Run_Performance_Profile.command
443	quezon_city_ph	Quezon City	5	1.58	bounded_by_MaxActiveAIZombiesPerCity	streamed_city_actors_registered_for_cleanup	Run_Performance_Profile.command
444	davao_city_ph	Davao City	5	1.66	bounded_by_MaxActiveAIZombiesPerCity	streamed_city_actors_registered_for_cleanup	Run_Performance_Profile.command
445	hanoi_vn	Hanoi	5	1.59	bounded_by_MaxActiveAIZombiesPerCity	streamed_city_actors_registered_for_cleanup	Run_Performance_Profile.command
446	phnom_penh_kh	Phnom Penh	5	1.62	bounded_by_MaxActiveAIZombiesPerCity	streamed_city_actors_registered_for_cleanup	Run_Performance_Profile.command
447	yangon_mm	Yangon	5	1.59	bounded_by_MaxActiveAIZombiesPerCity	streamed_city_actors_registered_for_cleanup	Run_Performance_Profile.command
448	mandalay_mm	Mandalay	5	1.62	bounded_by_MaxActiveAIZombiesPerCity	streamed_city_actors_registered_for_cleanup	Run_Performance_Profile.command
449	vientiane_lao	Vientiane	5	1.60	bounded_by_MaxActiveAIZombiesPerCity	streamed_city_actors_registered_for_cleanup	Run_Performance_Profile.command
450	bandung_id	Bandung	5	1.60	bounded_by_MaxActiveAIZombiesPerCity	streamed_city_actors_registered_for_cleanup	Run_Performance_Profile.command
451	surabaya_id	Surabaya	5	1.61	bounded_by_MaxActiveAIZombiesPerCity	streamed_city_actors_registered_for_cleanup	Run_Performance_Profile.command
452	medan_id	Medan	5	1.63	bounded_by_MaxActiveAIZombiesPerCity	streamed_city_actors_registered_for_cleanup	Run_Performance_Profile.command
453	denpasar_id	Denpasar	5	1.60	bounded_by_MaxActiveAIZombiesPerCity	streamed_city_actors_registered_for_cleanup	Run_Performance_Profile.command
454	auckland_nz	Auckland	5	1.64	bounded_by_MaxActiveAIZombiesPerCity	streamed_city_actors_registered_for_cleanup	Run_Performance_Profile.command
455	warsaw_pl	Warsaw	5	1.54	bounded_by_MaxActiveAIZombiesPerCity	streamed_city_actors_registered_for_cleanup	Run_Performance_Profile.command
456	amsterdam_nl	Amsterdam	5	1.62	bounded_by_MaxActiveAIZombiesPerCity	streamed_city_actors_registered_for_cleanup	Run_Performance_Profile.command
457	lisbon_pt	Lisbon	5	1.62	bounded_by_MaxActiveAIZombiesPerCity	streamed_city_actors_registered_for_cleanup	Run_Performance_Profile.command
458	rotterdam_nl	Rotterdam	5	1.64	bounded_by_MaxActiveAIZombiesPerCity	streamed_city_actors_registered_for_cleanup	Run_Performance_Profile.command
459	manchester_gb	Manchester	5	1.62	bounded_by_MaxActiveAIZombiesPerCity	streamed_city_actors_registered_for_cleanup	Run_Performance_Profile.command
460	birmingham_gb	Birmingham	5	1.58	bounded_by_MaxActiveAIZombiesPerCity	streamed_city_actors_registered_for_cleanup	Run_Performance_Profile.command
461	saint_petersburg_ru	Saint Petersburg	5	1.55	bounded_by_MaxActiveAIZombiesPerCity	streamed_city_actors_registered_for_cleanup	Run_Performance_Profile.command
462	moscow_ru	Moscow	5	1.63	bounded_by_MaxActiveAIZombiesPerCity	streamed_city_actors_registered_for_cleanup	Run_Performance_Profile.command
463	kyiv_ua	Kyiv	5	1.63	bounded_by_MaxActiveAIZombiesPerCity	streamed_city_actors_registered_for_cleanup	Run_Performance_Profile.command
464	prague_cz	Prague	5	1.66	bounded_by_MaxActiveAIZombiesPerCity	streamed_city_actors_registered_for_cleanup	Run_Performance_Profile.command
465	vienna_at	Vienna	5	1.56	bounded_by_MaxActiveAIZombiesPerCity	streamed_city_actors_registered_for_cleanup	Run_Performance_Profile.command
